,LEG_A,LEG_B,SPREAD
2024-02-07,99.98245037940357,99.48245037940357,0.5
2024-02-08,99.98780448343258,99.49138882996596,0.4964156534666337
2024-02-09,99.98222909455903,99.49106350468145,0.4911655898775784
2024-02-12,99.99517356672844,99.50696063681725,0.48821292991118254
2024-02-13,99.98909769136408,99.50357446708797,0.48552322427610956
2024-02-14,99.98293153853305,99.50371974646944,0.4792117920636099
2024-02-15,99.9885428546411,99.51477492273871,0.4737679319023801
2024-02-16,99.99637211946447,99.52620318674498,0.47016893271948196
2024-02-19,100.00105311310382,99.53501410806624,0.4660390050375936
2024-02-20,99.98439713992998,99.5220780246234,0.4623191153065836
2024-02-21,99.98997748432926,99.53240230267897,0.45757518165029
2024-02-22,99.97983440381252,99.52478283391584,0.4550515698966881
2024-02-23,99.9823871649284,99.52996718969776,0.4524199752306334
2024-02-26,99.96834982057442,99.51943728920848,0.4489125313659346
2024-02-27,99.97301304204984,99.52624311812274,0.44676992392710424
2024-02-28,99.96514705300677,99.52133391571947,0.44381313728730104
2024-02-29,99.95252070650416,99.51331250244625,0.43920820405791233
2024-03-01,99.95985890786899,99.5236719008891,0.4361870069798856
2024-03-04,99.96247535308575,99.53095822627157,0.43151712681418797
2024-03-05,99.95653558507182,99.52733645400868,0.42919913106314944
2024-03-06,99.97124737356204,99.54551748554437,0.42572988801767303
2024-03-07,99.96704084934633,99.54492267464978,0.4221181746965567
2024-03-08,99.96756192608605,99.54965178622113,0.41791013986490977
2024-03-11,99.97045106056284,99.55431741053036,0.4161336500324712
2024-03-12,99.96445440122154,99.55181808805271,0.41263631316882543
2024-03-13,99.96936576415554,99.560543984693,0.40882177946253945
2024-03-14,99.9642312406839,99.55909772509148,0.40513351559242056
2024-03-15,99.96031485746174,99.55772604069517,0.40258881676656144
2024-03-18,99.97414128385977,99.57428720018862,0.39985408367115
2024-03-19,99.96393542333465,99.56673479055854,0.3972006327761008
2024-03-20,99.94000762002536,99.54541658977912,0.39459103024623127
2024-03-21,99.95631698997548,99.56215941221636,0.39415757775912214
2024-03-22,99.98201026950154,99.59149296127818,0.390517308223366
2024-03-25,99.97815757684705,99.5913849775169,0.38677259933015307
2024-03-26,99.95898919644084,99.57631147818283,0.3826777182580072
2024-03-27,99.95608435667889,99.57566770204284,0.3804166546360554
2024-03-28,99.95342212718047,99.57460228095091,0.37881984622955744
2024-03-29,99.95172288877026,99.57605310955942,0.375669779210839
2024-04-01,99.94078900835103,99.56915923299127,0.3716297753597579
2024-04-02,99.9467846197758,99.57914303577161,0.36764158400419006
2024-04-03,99.95222969352866,99.5866862300064,0.365543463522263
2024-04-04,99.93748563733047,99.57390690017048,0.36357873715998273
2024-04-05,99.94467760464742,99.58330010296451,0.3613775016829093
2024-04-08,99.96540445446688,99.60773349161347,0.35767096285340116
2024-04-09,99.96732405779125,99.61219925759943,0.35512480019181014
2024-04-10,99.96415080617057,99.61169744647273,0.3524533596978355
2024-04-11,99.96293077402649,99.6129991414811,0.34993163254539744
2024-04-12,99.96928334169617,99.62103104726697,0.3482522944292066
2024-04-15,99.9521766256411,99.606406534398,0.3457700912430949
2024-04-16,99.95402053267088,99.61013929781086,0.3438812348600213
2024-04-17,99.95031589317625,99.6090787328413,0.34123716033495805
2024-04-18,99.9689941433058,99.6301009581982,0.3388931851076036
2024-04-19,99.96745241596776,99.63045351090807,0.3369989050596886
2024-04-22,99.98433129207895,99.65184282527568,0.3324884668032743
2024-04-23,99.97349388510113,99.64404696352953,0.32944692157160377
2024-04-24,99.97956647676916,99.6533268271466,0.32623964962256685
2024-04-25,99.98296047940707,99.6601149437837,0.3228455356233719
2024-04-26,99.97447000692843,99.65453338411409,0.3199366228143393
2024-04-29,99.97644396807479,99.65716307579032,0.3192808922844618
2024-04-30,99.98876915644311,99.67311308416544,0.31565607227767756
2024-05-01,99.98573123940024,99.67136045798533,0.31437078141490354
2024-05-02,99.96901161290855,99.65925605431659,0.30975555859195825
2024-05-03,99.96903598464377,99.66216071898054,0.30687526566322487
2024-05-06,99.96021175369584,99.6555669564258,0.30464479727004756
2024-05-07,99.95698834430921,99.65402279217538,0.30296555213382614
2024-05-08,99.95637246661235,99.65491534172278,0.30145712488956605
2024-05-09,99.9395159444522,99.63945181286128,0.3000641315909154
2024-05-10,99.92355936105899,99.62631604312377,0.29724331793522446
2024-05-13,99.92858002941425,99.63427829393642,0.2943017354778265
2024-05-14,99.92355284245255,99.63050588702802,0.2930469554245253
2024-05-15,99.89810539903435,99.60762523389178,0.2904801651425682
2024-05-16,99.90615383940043,99.61958628609034,0.28656755331009776
2024-05-17,99.90907753695318,99.6262121369863,0.28286539996687676
2024-05-20,99.9021387887128,99.62267675323352,0.27946203547929044
2024-05-21,99.88917048660223,99.61130004012338,0.2778704464788469
2024-05-22,99.89772856556537,99.6218840005294,0.2758445650359694
2024-05-23,99.90142207179098,99.62689681955808,0.2745252522328882
2024-05-24,99.9254480946178,99.65363990196575,0.2718081926520554
2024-05-27,99.92984998060506,99.65999925459523,0.26985072600982735
2024-05-28,99.93392701201768,99.66542978862458,0.26849722339309623
2024-05-29,99.9324577327166,99.66648117967411,0.26597655304249795
2024-05-30,99.94082549138861,99.67638438066376,0.2644411107248413
2024-05-31,99.94727634340109,99.68576791994855,0.2615084234525466
2024-06-03,99.95999359348674,99.70101803856502,0.2589755549217153
2024-06-04,99.95498036430037,99.69854111546543,0.2564392488349418
2024-06-05,99.95082628957093,99.69792888920776,0.2528974003631691
2024-06-06,99.9462352578618,99.69473145206683,0.25150380579496495
2024-06-07,99.9543432750736,99.70542692258987,0.2489163524837312
2024-06-10,99.96952701947656,99.72257045248983,0.24695656698671953
2024-06-11,99.96513861454507,99.7195363364536,0.24560227809147106
2024-06-12,99.96109087726714,99.71687524720286,0.24421563006427482
2024-06-13,99.96443164950584,99.72131593228758,0.24311571721825406
2024-06-14,99.96217403450571,99.72111188715415,0.241062147351556
2024-06-17,99.97189457103711,99.73327892107599,0.2386156499611172
2024-06-18,99.94957679813092,99.71295535867475,0.23662143945617756
2024-06-19,99.94150974766175,99.70889209770483,0.23261764995691475
2024-06-20,99.93388558432213,99.70493729653369,0.22894828778844498
2024-06-21,99.91088202419827,99.68541723118602,0.22546479301225195
2024-06-24,99.90144563975458,99.67902666276699,0.22241897698759203
2024-06-25,99.89249407859613,99.67133666340155,0.22115741519458734
2024-06-26,99.89068303205093,99.67242163081718,0.21826140123374438
2024-06-27,99.90201269096754,99.68595996311176,0.21605272785578836
2024-06-28,99.89976208445563,99.68378718699287,0.21597489746276133
2024-07-01,99.88965394725292,99.67584198669154,0.21381196056138027
2024-07-02,99.88928440184078,99.67624017932408,0.21304422251670377
2024-07-03,99.8999761380552,99.68979899041605,0.21017714763914935
2024-07-04,99.89041654989406,99.68216630184953,0.2082502480445195
2024-07-05,99.88151080105483,99.67611024804113,0.20540055301369634
2024-07-08,99.88729629064758,99.68395304227926,0.20334324836832185
2024-07-09,99.88528092949026,99.68249282768532,0.20278810180494286
2024-07-10,99.89195577639737,99.69295332315006,0.1990024532473053
2024-07-11,99.8920193084794,99.6940489174367,0.19797039104270872
2024-07-12,99.89923594496031,99.7025372287918,0.1966987161685082
2024-07-15,99.8890851638199,99.69469610715635,0.19438905666355794
2024-07-16,99.88916431731202,99.69813989258903,0.1910244247229947
2024-07-17,99.88725741716839,99.69765818467036,0.18959923249801874
2024-07-18,99.87529850792734,99.68787112935195,0.18742737857539732
2024-07-19,99.85986372844866,99.67363072427882,0.18623300416983635
2024-07-22,99.86692121880141,99.68213872323165,0.184782495569759
2024-07-23,99.86361169497923,99.67827767543697,0.18533401954225992
2024-07-24,99.85358889216275,99.67002733728282,0.18356155487992576
2024-07-25,99.85282710279351,99.67201187128548,0.1808152315080332
2024-07-26,99.86430729136701,99.68470123530925,0.17960605605776037
2024-07-29,99.8416999129133,99.66324213197582,0.1784577809374836
2024-07-30,99.82693352601426,99.64817966128619,0.17875386472806312
2024-07-31,99.8179046615953,99.63951733706011,0.178387324535188
2024-08-01,99.83271645026251,99.65529528287159,0.17742116739092104
2024-08-02,99.8357423200917,99.6578856688501,0.17785665124159408
2024-08-05,99.84361549249631,99.66866810265006,0.17494738984625452
2024-08-06,99.83241388330505,99.65966097597656,0.17275290732849302
2024-08-07,99.82141852455234,99.6512040480019,0.17021447655043773
2024-08-08,99.82609666171957,99.6577242079026,0.16837245381697463
2024-08-09,99.82687940502893,99.66157770204217,0.16530170298676614
2024-08-12,99.83256679321757,99.66777679353216,0.16478999968540678
2024-08-13,99.83089008330829,99.66768791504525,0.16320216826304768
2024-08-14,99.83387152057283,99.6738176493668,0.1600538712060382
2024-08-15,99.83565271142189,99.67814861840904,0.15750409301284998
2024-08-16,99.84363038531274,99.68698133446367,0.15664905084906303
2024-08-19,99.85190046813217,99.6954387234966,0.1564617446355838
2024-08-20,99.83590174818826,99.67816611896667,0.1577356292215887
2024-08-21,99.81362906263485,99.6534741818485,0.16015488078635423
2024-08-22,99.82384651661137,99.66444059949725,0.1594059171141169
2024-08-23,99.83592376754399,99.67902967760304,0.15689408994094642
2024-08-26,99.82591753734886,99.67295476442767,0.15296277292117927
2024-08-27,99.80751918328339,99.65543311588421,0.1520860673991778
2024-08-28,99.80870953149346,99.65885470588415,0.14985482560931024
2024-08-29,99.81821791375697,99.67007571312028,0.14814220063669004
2024-08-30,99.83639385898131,99.69019855957599,0.14619529940531428
2024-09-02,99.84175683470232,99.69689919529499,0.14485763940734095
2024-09-03,99.83823966773647,99.69318868328006,0.1450509844564138
2024-09-04,99.82950836152062,99.68541071275678,0.14409764876384829
2024-09-05,99.82982287443733,99.68706871891513,0.14275415552219442
2024-09-06,99.82703022739848,99.68671384244757,0.14031638495090026
2024-09-09,99.81707954834118,99.6799866876819,0.13709286065927292
2024-09-10,99.83776710484982,99.70237497314245,0.1353921317073683
2024-09-11,99.85581878887055,99.72156895753594,0.13424983133460827
2024-09-12,99.8673792757061,99.73196753689633,0.13541173880975785
2024-09-13,99.858370771728,99.7238695987885,0.13450117293951463
2024-09-16,99.86712096497098,99.73244912625334,0.13467183871764113
2024-09-17,99.87371722906596,99.74074326779105,0.13297396127490888
2024-09-18,99.878342685308,99.74791696175282,0.1304257235551704
2024-09-19,99.89103933797844,99.76286467204149,0.12817466593695157
2024-09-20,99.89759304940705,99.77134934168122,0.12624370772583432
2024-09-23,99.9051931917701,99.77726979843011,0.1279233933399872
2024-09-24,99.91176225460381,99.78588897623483,0.12587327836897988
2024-09-25,99.91537016868384,99.78943948748758,0.1259306811962573
2024-09-26,99.8977340573867,99.77394040735798,0.12379365002872213
2024-09-27,99.8987702681608,99.77478543574175,0.12398483241904866
2024-09-30,99.89340834857231,99.76992253012963,0.12348581844267692
2024-10-01,99.88080993899591,99.75850151193282,0.12230842706308839
2024-10-02,99.89782810518892,99.77654173588361,0.12128636930530272
2024-10-03,99.91531805859778,99.79581923447917,0.1194988241186013
2024-10-04,99.92911026460074,99.80999784569963,0.11911241890110479
2024-10-07,99.93186239876928,99.8142685418307,0.11759385693857649
2024-10-08,99.94556864997881,99.83045219574117,0.11511645423763436
2024-10-09,99.94588918178484,99.83329640020594,0.11259278157890004
2024-10-10,99.94811715455381,99.83620052614161,0.11191662841220426
2024-10-11,99.93738244084919,99.82436457166473,0.11301786918445908
2024-10-14,99.94155235389418,99.8292298814391,0.11232247245507666
2024-10-15,99.94235621317843,99.8310746591588,0.11128155401963269
2024-10-16,99.92952969201008,99.81877121783968,0.11075847417039272
2024-10-17,99.92921772089191,99.8176928746973,0.11152484619461507
2024-10-18,99.92862042525334,99.81770430091395,0.1109161243393918
2024-10-21,99.94679603691979,99.837277918929,0.1095181179907948
2024-10-22,99.95593817020493,99.84589545086244,0.11004271934248226
2024-10-23,99.95625262459585,99.84654307783107,0.10970954676477393
2024-10-24,99.95894049769385,99.84816679093706,0.11077370675678304
2024-10-25,99.9595826214749,99.84945721742928,0.11012540404562383
2024-10-28,99.95775348162694,99.85004477469883,0.1077087069281034
2024-10-29,99.94712920965306,99.84199905230143,0.10513015735161879
2024-10-30,99.94581869087699,99.83944292616728,0.10637576470970467
2024-10-31,99.93855770831046,99.83085458101561,0.10770312729483375
2024-11-01,99.92625455292124,99.81963238530044,0.10662216762079361
2024-11-04,99.9315667710667,99.82627358177176,0.10529318929494023
2024-11-05,99.93567941766604,99.82938064186443,0.10629877580160627
2024-11-06,99.91801234255236,99.81395195428792,0.1040603882644467
2024-11-07,99.9169854961774,99.81487823409765,0.10210726207975397
2024-11-08,99.9271425100364,99.8250351074761,0.10210740256030744
2024-11-11,99.93793474742537,99.83713487680022,0.10079987062515013
2024-11-12,99.94839311585422,99.8483996971478,0.09999341870641573
2024-11-13,99.94898224792324,99.84998834647467,0.09899390144856064
2024-11-14,99.94073179464354,99.8420982551247,0.09863353951884198
2024-11-15,99.93009480636996,99.83047081225372,0.09962399411624977
2024-11-18,99.93374085541747,99.83479340166586,0.09894745375161189
2024-11-19,99.93773365576112,99.83876021263934,0.09897344312178526
2024-11-20,99.95080696687717,99.85520200133136,0.09560496554579766
2024-11-21,99.96200676338059,99.86722194681965,0.09478481656093597
2024-11-22,99.96088447681528,99.8679142909857,0.09297018582958408
2024-11-25,99.94864241802667,99.85794565093504,0.09069676709162304
2024-11-26,99.94565135205656,99.8567807685654,0.08887058349115799
2024-11-27,99.94802366400467,99.86027935857199,0.08774430543267661
2024-11-28,99.94620283155078,99.85800098075539,0.08820185079539147
2024-11-29,99.94062389047,99.854793152112,0.08583073835799346
2024-12-02,99.9433527386197,99.85816460454468,0.08518813407500535
2024-12-03,99.93851316120559,99.85461111958183,0.08390204162376576
2024-12-04,99.93243250036834,99.84960917725857,0.08282332310976345
2024-12-05,99.93574702871136,99.8523176774528,0.08342935125856529
2024-12-06,99.93192710291008,99.8484819276347,0.0834451752753817
2024-12-09,99.93456814679986,99.85010027158404,0.08446787521582245
2024-12-10,99.93750018702838,99.85389735063336,0.08360283639501004
2024-12-11,99.92630589701747,99.84424338047191,0.08206251654556386
2024-12-12,99.92169348577882,99.84056429464627,0.08112919113254116
2024-12-13,99.93627125517797,99.855480429275,0.08079082590296613
2024-12-16,99.92485046005064,99.8444783696574,0.08037209039324163
2024-12-17,99.90388391556093,99.82551589945516,0.07836801610576467
2024-12-18,99.8854654640285,99.80760540989577,0.07786005413272523
2024-12-19,99.88595656349428,99.80842690563068,0.07752965786358634
2024-12-20,99.8864657362746,99.80637967399626,0.08008606227834031
2024-12-23,99.88548962772035,99.8036745671628,0.0818150605575422
2024-12-24,99.89783152600963,99.81774077690733,0.08009074910229276
2024-12-25,99.8713031816786,99.79221014244486,0.07909303923373637
2024-12-26,99.87546252042291,99.79884096733946,0.07662155308345565
2024-12-27,99.89127690244095,99.81600767780577,0.0752692246351827
2024-12-30,99.88019909479203,99.80512962002601,0.07506947476602775
2024-12-31,99.87660102967413,99.80060811162923,0.07599291804490867
2025-01-01,99.86927211050184,99.79480087014916,0.07447124035268582
2025-01-02,99.86052865004106,99.78747259832679,0.07305605171428152
2025-01-03,99.85746602999083,99.78769511809921,0.06977091189162897
2025-01-06,99.87194088282769,99.80292864812847,0.0690122346992126
2025-01-07,99.89051474958255,99.82338874737606,0.06712600220648646
2025-01-08,99.88735535733215,99.82142913215544,0.06592622517671287
2025-01-09,99.9066059594728,99.84230769904516,0.06429826042763197
2025-01-10,99.90716172424264,99.84349252712467,0.06366919711796917
2025-01-13,99.92489863450966,99.86394927809704,0.0609493564126231
2025-01-14,99.92416564801312,99.86554831992824,0.0586173280848796
2025-01-15,99.92567622627358,99.86484151586959,0.06083471040399771
2025-01-16,99.929530971,99.87080107574951,0.05872989525048983
2025-01-17,99.96151950779368,99.90463754276684,0.056881965026841605
2025-01-20,99.97023236354214,99.91148754916986,0.0587448143722802
2025-01-21,99.96335971824261,99.90142109195024,0.06193862629238044
2025-01-22,99.97324969694537,99.91327868226367,0.05997101468170401
2025-01-23,99.96983137157453,99.9108002674031,0.05903110417142694
2025-01-24,99.96513386974553,99.9061409468548,0.05899292289071827
2025-01-27,99.97441988334444,99.91371720394058,0.060702679403865124
2025-01-28,99.97493073922216,99.9159531501671,0.05897758905506387
2025-01-29,99.97791649836728,99.9197160064551,0.05820049191217776
2025-01-30,99.97825635058592,99.91953841404876,0.05871793653716292
2025-01-31,99.98182218185198,99.92302250691677,0.05879967493521391
2025-02-03,99.98627184082635,99.92841274208203,0.05785909874432081
2025-02-04,99.96710217149929,99.90987087303888,0.05723129846040452
2025-02-05,99.97396789818538,99.91892302227826,0.05504487590711301
2025-02-06,99.96434770398709,99.91003976288656,0.054307941100525385
2025-02-07,99.95012471263149,99.89658340362745,0.05354130900404071
2025-02-10,99.9497406001929,99.8963317156461,0.053408884546803106
2025-02-11,99.95078041022605,99.89849505224736,0.05228535797868867
2025-02-12,99.94404534858032,99.89158087106293,0.05246447751738539
2025-02-13,99.952555667157,99.89923167238051,0.05332399477648518
2025-02-14,99.9393339154933,99.88623730447814,0.053096611015143264
2025-02-17,99.93546447800557,99.88234609724672,0.05311838075884731
2025-02-18,99.92981573665624,99.87705196090474,0.05276377575149657
2025-02-19,99.92954986395284,99.87720474200106,0.05234512195178576
2025-02-20,99.93253850679932,99.88151789999633,0.05102060680299929
2025-02-21,99.92265957730308,99.87164515066148,0.05101442664159449
2025-02-24,99.93010240407764,99.87961542343096,0.05048698064667636
2025-02-25,99.930932427761,99.87820899324755,0.05272343451343225
2025-02-26,99.91221296522787,99.85792572981565,0.05428723541221157
2025-02-27,99.8928270508239,99.83848454552339,0.05434250530050963
2025-02-28,99.89290385789461,99.83995400403917,0.052949853855441834
2025-03-03,99.89089418471674,99.83976607451592,0.05112811020082241
2025-03-04,99.890059983581,99.83783695297075,0.05222303061024456
2025-03-05,99.88998015901569,99.8378405639943,0.05213959502139226
2025-03-06,99.8924357574108,99.840105044871,0.052330712539804564
2025-03-07,99.90211225350927,99.85239483582882,0.04971741768045601
2025-03-10,99.8912012045001,99.84070990684322,0.05049129765688778
2025-03-11,99.8796814885711,99.82901839968659,0.05066308888450219
2025-03-12,99.86894824999223,99.82008626027624,0.04886198971598902
2025-03-13,99.87203741666391,99.82415728593496,0.04788013072895251
2025-03-14,99.88468689045037,99.83685450831172,0.047832382138648065
2025-03-17,99.88057349606798,99.83305463405716,0.04751886201081993
2025-03-18,99.85575649762639,99.80898287053529,0.04677362709110149
2025-03-19,99.83891656900028,99.79264454413415,0.04627202486613308
2025-03-20,99.83078620177231,99.78519887685532,0.045587324916997345
2025-03-21,99.82540891289737,99.7799911814481,0.045417731449282
2025-03-24,99.82152502662483,99.77461384773461,0.046911178890208814
2025-03-25,99.82211083785462,99.7788056555914,0.04330518226323145
2025-03-26,99.8191933745464,99.77653028749059,0.04266308705581573
2025-03-27,99.82988677065184,99.78733989477729,0.04254687587454672
2025-03-28,99.82332659759503,99.7807444779641,0.042582119630914704
2025-03-31,99.81490341800027,99.77312782002888,0.041775597971398785
2025-04-01,99.81989217338547,99.78066138918805,0.03923078419741859
2025-04-02,99.80473575268621,99.76540308845176,0.03933266423445172
2025-04-03,99.80883266973942,99.7676359127955,0.0411967569439208
2025-04-04,99.81005820157668,99.77112088674646,0.03893731483021591
2025-04-07,99.80878377667749,99.76906716715555,0.03971660952193307
2025-04-08,99.82486653774899,99.78587904228984,0.038987495459158125
2025-04-09,99.81884446329605,99.78024365381754,0.03860080947850916
2025-04-10,99.83964744500128,99.80267951858931,0.036967926411959284
2025-04-11,99.83759313050899,99.80133997550816,0.03625315500083062
2025-04-14,99.8250229660593,99.7874196322771,0.037603333782189365
2025-04-15,99.82592216186924,99.7878831906391,0.038038971230134354
2025-04-16,99.81535970986606,99.77544012775623,0.03991958210982492
2025-04-17,99.80804215138792,99.76695599181123,0.04108615957669572
2025-04-18,99.81221248438807,99.77089920822557,0.04131327616249127
2025-04-21,99.81796830527458,99.77478576127575,0.04318254399882987
2025-04-22,99.81194662827204,99.76855372348338,0.043392904788655144
2025-04-23,99.8220206797225,99.77792899601742,0.044091683705081756
2025-04-24,99.83379575730271,99.79042765187583,0.04336810542688041
2025-04-25,99.84835877486834,99.80525102090697,0.04310775396137597
2025-04-28,99.8538529089396,99.8119659514358,0.041886957503810586
2025-04-29,99.86768719606046,99.82488591615952,0.04280127990093723
2025-04-30,99.84907921178072,99.80810214760393,0.0409770641767925
2025-05-01,99.84610014629443,99.80446262812976,0.04163751816467352
2025-05-02,99.83763009373119,99.79656322981482,0.041066863916374464
2025-05-05,99.83902235234247,99.79680578328268,0.04221656905979455
2025-05-06,99.8335078601505,99.79068033722069,0.04282752292981529
2025-05-07,99.83204628173101,99.78726486122513,0.044781420505885995
2025-05-08,99.85106803053304,99.80572132855633,0.04534670197671526
2025-05-09,99.84957083256884,99.80656460960819,0.043006222960658376
2025-05-12,99.85390875574075,99.81132820507896,0.042580550661776
2025-05-13,99.8517860624415,99.81102004292771,0.04076601951380086
2025-05-14,99.85274319532107,99.81295368686965,0.03978950845141883
2025-05-15,99.85300336212543,99.81162567456236,0.041377687563071044
2025-05-16,99.85768660278517,99.81583409246497,0.041852510320204095
2025-05-19,99.86953967814064,99.82889990017111,0.04063977796952542
2025-05-20,99.88621361811667,99.8471735419015,0.03904007621517587
2025-05-21,99.88950981893576,99.85073828304046,0.03877153589531264
2025-05-22,99.89560528779612,99.8586741842223,0.03693110357381934
2025-05-23,99.88429664270426,99.84850420039793,0.03579244230633018
2025-05-26,99.88361787528011,99.84771640499125,0.035901470288861495
2025-05-27,99.89322076992894,99.85614867559434,0.03707209433460926
2025-05-28,99.90208045631312,99.86453561758596,0.03754483872715843
2025-05-29,99.90439655364106,99.8700364432632,0.03436011037786259
2025-05-30,99.91346049323674,99.87898961611313,0.034470877123614276
2025-06-02,99.91856816032669,99.88428010782113,0.034288052505563736
2025-06-03,99.93077122290927,99.89623384505923,0.034537377850041025
2025-06-04,99.93386481447885,99.89756531000023,0.03629950447862037
2025-06-05,99.93050783132314,99.89709585404319,0.03341197727995126
2025-06-06,99.93406624389246,99.90166416135068,0.032402082541773486
2025-06-09,99.90496030013394,99.87207090498778,0.03288939514616268
2025-06-10,99.90898915749779,99.8783534109429,0.030635746554878364
2025-06-11,99.87270502924564,99.84045290252264,0.032252126722991444
2025-06-12,99.85567039517159,99.82321015199831,0.03246024317328139
2025-06-13,99.860388081181,99.82711886341839,0.03326921776260684
2025-06-16,99.86536337455367,99.83307751960236,0.03228585495130902
2025-06-17,99.85393908675226,99.82088422286424,0.033054863888024755
2025-06-18,99.84701806633348,99.81287939500642,0.034138671327053075
2025-06-19,99.86092347621961,99.8267623480013,0.03416112821831267
2025-06-20,99.8562831749039,99.82209784938453,0.03418532551936049
2025-06-23,99.87891237802792,99.8446577641493,0.03425461387861972
2025-06-24,99.87909317949615,99.84619814042581,0.03289503907033593
2025-06-25,99.88337354126497,99.85092544259956,0.032448098665413164
2025-06-26,99.89974228524996,99.8677438715058,0.031998413744162554
2025-06-27,99.90125255641189,99.86902506746604,0.032227488945844145
2025-06-30,99.89142911660498,99.85819774123232,0.03323137537266939
2025-07-01,99.89053184208804,99.85889783789771,0.03163400419032905
2025-07-02,99.89037573472613,99.85915029063534,0.03122544409078853
2025-07-03,99.87692831820412,99.84408423654699,0.032844081657132734
2025-07-04,99.87456999749071,99.84292341625844,0.03164658123226356
2025-07-07,99.86734807655074,99.83698859630981,0.030359480240927147
2025-07-08,99.87679165412261,99.84641824029363,0.03037341382898671
2025-07-09,99.87733777286446,99.84614159253026,0.031196180334202718
2025-07-10,99.874709815373,99.84374682829471,0.030962987078286784
2025-07-11,99.87384799606676,99.8414564140171,0.03239158204965046
2025-07-14,99.87627921625082,99.84306525129553,0.033213964955298145
2025-07-15,99.88264735824772,99.84863640259573,0.03401095565199651
2025-07-16,99.87285023596102,99.83841108735713,0.034439148603898476
2025-07-17,99.86263435963481,99.82553597034907,0.037098389285745735
2025-07-18,99.87388115178884,99.83733567359613,0.03654547819270129
2025-07-21,99.8699577830668,99.83622654917609,0.03373123389070424
2025-07-22,99.85598936214083,99.8205046659412,0.03548469619963439
2025-07-23,99.86062748923466,99.82600106468877,0.03462642454589402
2025-07-24,99.86546118729498,99.830973659058,0.034487528236986364
2025-07-25,99.85035403472241,99.81449033824538,0.035863696477030256
2025-07-28,99.85284885187706,99.81928844518862,0.03356040668843999
2025-07-29,99.86040468280133,99.82868755581251,0.03171712698882777
2025-07-30,99.8643485473184,99.83490056413179,0.029447983186609607
2025-07-31,99.87086836215602,99.84265461080287,0.028213751353145054
2025-08-01,99.85702567117511,99.82848194842313,0.02854372275197475
2025-08-04,99.86053607272507,99.83155847284937,0.028977599875704797
2025-08-05,99.85770987513037,99.8286141834574,0.02909569167296356
2025-08-06,99.85308197354311,99.82599711776733,0.027084855775780254
2025-08-07,99.86198752963732,99.83802808979443,0.02395943984287773
2025-08-08,99.87698027474406,99.85314251010479,0.023837764639271238
2025-08-11,99.89512397529006,99.87206978119215,0.02305419409791473
2025-08-12,99.90847205400512,99.88502205803125,0.023449995973869524
2025-08-13,99.90757471218882,99.88342644885273,0.02414826333608396
2025-08-14,99.91130191381909,99.88717113553324,0.024130778285851247
2025-08-15,99.91917014253693,99.89427320069436,0.024896941842574686
2025-08-18,99.92058192202992,99.89559379577646,0.02498812625346339
2025-08-19,99.92208956390904,99.89663193736087,0.025457626548179145
2025-08-20,99.9305270952278,99.90615931819625,0.024367777031553843
2025-08-21,99.93013426876753,99.90618617590303,0.023948092864497027
2025-08-22,99.9230413994038,99.89903545618948,0.02400594321432625
2025-08-25,99.91909666874544,99.89424748018062,0.02484918856481642
2025-08-26,99.92563577252278,99.90147986698909,0.024155905533682985
2025-08-27,99.92586570543477,99.9012449044132,0.024620801021576218
2025-08-28,99.92946780520346,99.90537733276089,0.02409047244255961
2025-08-29,99.93636859762549,99.91261740861977,0.023751189005723213
2025-09-01,99.93282018299651,99.90821239973226,0.024607783264243618
2025-09-02,99.9405826646328,99.91868120127847,0.021901463354330217
2025-09-03,99.9445710906674,99.92447685005163,0.020094240615758027
2025-09-04,99.93242295979827,99.91435557535813,0.018067384440144805
2025-09-05,99.94704600771014,99.93206209516649,0.014983912543662648
2025-09-08,99.94223856027257,99.92822810054201,0.01401045973055943
2025-09-09,99.92588760684072,99.91104414327178,0.014843463568933204
2025-09-10,99.91563716974485,99.90127043162907,0.014366738115783047
2025-09-11,99.90562671813807,99.89112480967307,0.014501908464997416
2025-09-12,99.90634845132465,99.89058935231415,0.015759099010492866
2025-09-15,99.90380994626918,99.88650319217537,0.017306754093804597
2025-09-16,99.90064162659277,99.8835593333004,0.017082293292371556
2025-09-17,99.9070386462476,99.88838656878677,0.018652077460828972
2025-09-18,99.91063739985952,99.8920172860798,0.018620113779712573
2025-09-19,99.91399787856597,99.8965805660616,0.017417312504361838
2025-09-22,99.91829616313926,99.90176595732675,0.016530205812520685
2025-09-23,99.92465750981928,99.91012379679219,0.014533713027088986
2025-09-24,99.9037779764015,99.89047855378315,0.013299422618342252
2025-09-25,99.90033359387886,99.88759078086314,0.012742813015725604
2025-09-26,99.87873149323397,99.86507739169366,0.013654101540318002
2025-09-29,99.87929209250194,99.86357839063884,0.015713701863100143
2025-09-30,99.8794457627797,99.86559815786302,0.013847604916676469
2025-10-01,99.8901010855276,99.87586846614717,0.014232619380435003
2025-10-02,99.90217742945481,99.88936872950973,0.01280869994507614
2025-10-03,99.90440517993733,99.89110007422475,0.013305105712572391
2025-10-06,99.89960156916337,99.88656721318402,0.013034355979336045
2025-10-07,99.90465318028882,99.89402899609782,0.01062418419100549
2025-10-08,99.89957400391557,99.88786459436933,0.01170940954623543
2025-10-09,99.89976007740114,99.88890582892866,0.010854248472483381
2025-10-10,99.90982144057075,99.89972598800153,0.010095452569215482
2025-10-13,99.90444372711086,99.8957761585357,0.008667568575165738
2025-10-14,99.91270051350328,99.90492605460115,0.007774458902138835
2025-10-15,99.91967452719021,99.91142267905977,0.008251848130436423
2025-10-16,99.9103266090189,99.90237867720528,0.007947931813618333
2025-10-17,99.92026555030107,99.91196662210973,0.008298928191336912
2025-10-20,99.9274512137548,99.91876217139693,0.008689042357850984
2025-10-21,99.92867047262851,99.91838651363544,0.010283958993067905
2025-10-22,99.92124723804824,99.91147676773356,0.009770470314679645
2025-10-23,99.91285517786248,99.90502291691784,0.007832260944638259
2025-10-24,99.90767855209346,99.89856387808909,0.00911467400436788
2025-10-27,99.91330449672637,99.90467979724549,0.008624699480875096
2025-10-28,99.90394824505236,99.89398774108092,0.009960503971444316
2025-10-29,99.90852336753855,99.8981589054241,0.010364462114449368
2025-10-30,99.89630581224978,99.88618882552947,0.010116986720303608
2025-10-31,99.89446512640538,99.88398901690717,0.010476109498209473
2025-11-03,99.89576160395113,99.88291059339869,0.012851010552441608
2025-11-04,99.92041290540172,99.9050471374928,0.015365767908914101
2025-11-05,99.90683974884651,99.89150851946263,0.015331229383878606
2025-11-06,99.92175989451141,99.90634852037394,0.015411374137477441
2025-11-07,99.92345831865129,99.90681332186047,0.016644996790816692
2025-11-10,99.92777003783144,99.91232257694507,0.015447460886368728
2025-11-11,99.92915351696533,99.91340902574868,0.01574449121665065
2025-11-12,99.93380078514728,99.91821383433579,0.015586950811495434
2025-11-13,99.93246393410365,99.91660520207859,0.01585873202506345
2025-11-14,99.94720443591824,99.93252151285097,0.014682923067273595
2025-11-17,99.94283972447599,99.9302759993439,0.012563725132081968
2025-11-18,99.95436207019777,99.94450977080972,0.009852299388054743
2025-11-19,99.94811839899565,99.93975206411793,0.008366334877718594
2025-11-20,99.94771588053163,99.93999382167826,0.007722058853380589
2025-11-21,99.93719625500873,99.92990486901519,0.007291385993543091
2025-11-24,99.94194649221221,99.93227229251012,0.009674199702086278
2025-11-25,99.95659775178147,99.9456069107714,0.010990841010067013
2025-11-26,99.95602418998327,99.9463326987427,0.009691491240578646
2025-11-27,99.95425533299623,99.94420268687949,0.01005264611673613
2025-11-28,99.94330916336554,99.93384917052475,0.009459992840795493
2025-12-01,99.94121623683002,99.93218958805811,0.009026648771909524
2025-12-02,99.9254882942328,99.91629979715913,0.00918849707367912
2025-12-03,99.91655951436562,99.90666385958879,0.00989565477682975
2025-12-04,99.91902737482671,99.90963768250614,0.009389692320572726
2025-12-05,99.93241750680413,99.92176200890475,0.01065549789938247
2025-12-08,99.96070961541642,99.95157739189352,0.009132223522893224
2025-12-09,99.95504376456572,99.9459760325394,0.009067732026309575
2025-12-10,99.96959676613217,99.95732823896265,0.012268527169525673
2025-12-11,99.97223429093619,99.95978207897204,0.012452211964143456
2025-12-12,99.97092181446871,99.95676274903131,0.014159065437391557
2025-12-15,99.97544775898598,99.96128576249743,0.014161996488550654
2025-12-16,99.97626692382278,99.96148561376918,0.01478131005359633
2025-12-17,99.9775708810789,99.96297842311034,0.014592457968562598
2025-12-18,99.97368754945063,99.95942559801259,0.014261951438043591
2025-12-19,99.95990645285265,99.94673974701638,0.013166705836271159
2025-12-22,99.94467020082742,99.93106586390194,0.013604336925482413
2025-12-23,99.95140264966024,99.93897911967926,0.012423529980974535
2025-12-24,99.94883564875938,99.93567215964575,0.013163489113634177
2025-12-25,99.94307475976282,99.92864840968268,0.014426350080142222
2025-12-26,99.94335981603005,99.92858617462456,0.014773641405495499
2025-12-29,99.9515091385592,99.93721338778174,0.014295750777469876
2025-12-30,99.95351277798947,99.93875854268168,0.014754235307791946
2025-12-31,99.94715222862305,99.93290398191678,0.014248246706268723
2026-01-01,99.95961515817955,99.94430131420884,0.015313843970708873
2026-01-02,99.97560701320937,99.96272206246783,0.012884950741542693
2026-01-05,99.9807525797626,99.96839271607497,0.012359863687624333
2026-01-06,99.99068921487604,99.9809356327,0.00975358217604838
2026-01-07,100.00330881484417,99.99551624164653,0.007792573197653578
2026-01-08,100.01480980800822,100.00536077573311,0.009449032275120594
2026-01-09,100.02115079977935,100.01064893275735,0.010501867021999123
2026-01-12,100.0273342702501,100.01782221126977,0.009512058980317404
2026-01-13,100.03273087598356,100.02518728595803,0.007543590025537449
2026-01-14,100.02195749923808,100.01820873424104,0.0037487649970450866
2026-01-15,100.02916473080668,100.02613045789025,0.0030342729164318004
2026-01-16,100.01580659109541,100.00974696342817,0.006059627667241382
2026-01-19,100.00806059654417,100.00150115847839,0.0065594380657805675
2026-01-20,100.02129624722225,100.01549386300276,0.005802384219488255
2026-01-21,100.0298984488492,100.02355616931048,0.006342279538715632
2026-01-22,100.04497243174605,100.04064711043016,0.00432532131589141
2026-01-23,100.04245568790918,100.03853928676723,0.003916401141955414
2026-01-26,100.03113319949641,100.02712255106765,0.004010648428758681
2026-01-27,100.0289288275257,100.025058486265,0.003870341260702316
2026-01-28,100.03014914049811,100.02531319416808,0.004835946330026632
2026-01-29,100.03113902766151,100.02590724968688,0.005231777974629367
2026-01-30,100.04267583244908,100.03664356488443,0.006032267564653488
2026-02-02,100.03926312819904,100.03414600333008,0.005117124868959782
2026-02-03,100.04298347291707,100.03677581905792,0.006207653859156704
2026-02-04,100.03329720142273,100.02508654700777,0.008210654414949618
2026-02-05,100.03800037420316,100.03107715721859,0.006923216984570775
2026-02-06,100.03823145970502,100.03248158028934,0.0057498794156774485
2026-02-09,100.03093332632217,100.02354615079435,0.007387175527831818
2026-02-10,100.02877503270042,100.02168755631345,0.00708747638697786
2026-02-11,100.02713327523527,100.01833339995206,0.008799875283221185
2026-02-12,100.02463172394191,100.01645923152915,0.008172492412751978
2026-02-13,100.04254513636458,100.03260431988792,0.009940816476655677
2026-02-16,100.0417606763415,100.03173309867552,0.010027577665983533
2026-02-17,100.03952171523973,100.0292483837864,0.010273331453330023
2026-02-18,100.01874720566363,100.00658404917868,0.012163156484944645
2026-02-19,100.01000513214383,99.99839429660639,0.01161083553744395
2026-02-20,100.00757439789928,99.9972414142403,0.010332983658972816
2026-02-23,100.00091587113751,99.99123003306701,0.009685838070494777
2026-02-24,100.01493294707129,100.00475409352057,0.010178853550706617
2026-02-25,100.01348356931732,100.00535817132719,0.008125397990129799
2026-02-26,100.0265680118105,100.01770396326008,0.008864048550424674
2026-02-27,100.02738505815101,100.01927014724937,0.008114910901635046
2026-03-02,100.02795733651521,100.01846072164359,0.009496614871618432
2026-03-03,100.02726937203809,100.02086461157373,0.0064047604643578115
2026-03-04,100.02750733455431,100.02214438525112,0.005362949303186532
2026-03-05,100.04489528458481,100.04169964852476,0.003195636060051892
2026-03-06,100.0218991773173,100.019769854731,0.002129322586302611
2026-03-09,100.00208371987291,99.99965926696623,0.002424452906680358
2026-03-10,99.99685201156235,99.99467260466886,0.002179406893487004
2026-03-11,99.99719729038172,99.99535440609941,0.001842884282313979
2026-03-12,100.00429833462937,100.00267063049952,0.0016277041298406406
2026-03-13,100.00922920660965,100.00735817566928,0.001871030940369843
2026-03-16,100.00558674748083,100.00500120197106,0.0005855455097826838
2026-03-17,100.01597718441325,100.01450573924998,0.001471445163261011
2026-03-18,100.02647913844478,100.02418449077015,0.002294647674637646
2026-03-19,100.0285197167575,100.02575817836836,0.002761538389138888
2026-03-20,100.03834629248236,100.03490550483322,0.0034407876491348226
2026-03-23,100.04127274511669,100.03748581372781,0.003786931388869938
2026-03-24,100.03585791484886,100.02953708710967,0.006320827739186812
2026-03-25,100.04303608323886,100.03687514914074,0.006160934098122664
2026-03-26,100.04434221446463,100.03861706515818,0.005725149306463926
2026-03-27,100.04455561293219,100.03982525683466,0.004730356097529834
2026-03-30,100.05948514865408,100.05609286378623,0.0033922848678457807
2026-03-31,100.03517642736868,100.03337895247454,0.0017974748941509222
2026-04-01,100.02119958566709,100.02053615580706,0.0006634298600300158
2026-04-02,100.00952888140334,100.00895976577034,0.000569115633003184
2026-04-03,100.00609627492766,100.00511050381182,0.000985771115839032
2026-04-06,100.00375019322999,100.00270781275707,0.0010423804729188448
2026-04-07,99.98887693675226,99.98880731293258,6.962381967701668e-05
2026-04-08,99.97922535642915,99.97802215923164,0.0012031971975157347
2026-04-09,99.97081693964392,99.96869171922711,0.0021252204168170407
2026-04-10,99.99559118056467,99.99368396493783,0.0019072156268402176
2026-04-13,100.01380860004215,100.01273911806906,0.0010694819730897873
2026-04-14,100.00989110586531,100.00813915761078,0.001751948254522346
2026-04-15,100.00645527296224,100.00448040459916,0.001974868363075443
2026-04-16,99.99516323299035,99.99502850704056,0.00013472594978798593
2026-04-17,99.9762819288581,99.97623391923398,4.800962412431345e-05
2026-04-20,99.97531312699401,99.97493536430657,0.0003777626874288832
2026-04-21,99.96553460716157,99.96629335147686,-0.0007587443152846565
2026-04-22,99.96488610184495,99.96539964418686,-0.0005135423419109933
2026-04-23,99.94908404335452,99.9514264140101,-0.0023423706555801326
2026-04-24,99.94166429877141,99.94230464293325,-0.0006403441618373616
2026-04-27,99.94335056972444,99.94241356259494,0.0009370071295013609
2026-04-28,99.94721266570228,99.94660123707459,0.0006114286276964591
2026-04-29,99.9515873852897,99.95052289984595,0.0010644854437543477
2026-04-30,99.93858249544813,99.94056267458754,-0.001980179139408008
2026-05-01,99.94732935274949,99.95075067729486,-0.003421324545377854
2026-05-04,99.93952723578347,99.94329153360856,-0.0037642978250918254
2026-05-05,99.94605581492955,99.95114099801654,-0.005085183086992249
2026-05-06,99.94614942816337,99.95029419768751,-0.0041447695241399315
2026-05-07,99.93258555317259,99.93418107059821,-0.0015955174256255212
2026-05-08,99.92962357612677,99.93268882592356,-0.003065249796794194
2026-05-11,99.9334772135474,99.93757324067883,-0.0040960271314198025
2026-05-12,99.93980686735216,99.94357374927024,-0.0037668819180859863
2026-05-13,99.93859698837771,99.94030415885415,-0.001707170476432825
2026-05-14,99.95411477728372,99.95734844566431,-0.0032336683805948467
2026-05-15,99.9643898849936,99.967284133317,-0.0028942483234015385
2026-05-18,99.96202334382959,99.9626000010604,-0.000576657230813011
2026-05-19,99.96972456195095,99.97237766345701,-0.002653101506056509
2026-05-20,99.98926249680284,99.99350853743991,-0.004246040637076775
2026-05-21,100.00906734281067,100.01381337887177,-0.004746036061109207
2026-05-22,99.99698734400245,100.00235159286109,-0.005364248858641945
2026-05-25,99.98792201289088,99.99221990695423,-0.004297894063360511
2026-05-26,100.00297120075821,100.0069305219224,-0.003959321164184245
