,FAT_0,FAT_1,FAT_2,FAT_3
2023-05-03,100.64233044655779,101.18458040380311,99.96792899868589,101.00181804283346
2023-05-04,101.54745608669742,100.25031483099099,99.64378412689769,100.75751077749689
2023-05-05,102.1700345880389,100.95515834328556,100.19503020314176,99.17655945313255
2023-05-08,102.99318833200515,101.25027068110222,101.25568738351835,99.2556756734452
2023-05-09,100.77253780363495,100.30500006879761,100.43441380554192,98.84574649173462
2023-05-10,101.48746735282539,99.8544589420747,97.64311023854762,99.45957270099845
2023-05-11,100.95218130576956,99.51152482839746,97.10014492611144,100.23541881222715
2023-05-12,101.4952884253447,99.35838703954323,92.85121159031883,99.10783840607095
2023-05-15,101.1688877709065,100.82604074070628,91.53033157196066,97.20763396471695
2023-05-16,99.58842553038143,100.18510488633545,93.67588018248846,97.41872687157169
2023-05-17,100.55091422305833,98.15348533378219,92.75282455632355,96.83787458489518
2023-05-18,100.86027513745775,101.4350879781914,90.4308333112838,96.1558970386673
2023-05-19,102.20062054395808,98.2566210555326,90.39446804490329,97.69600918945716
2023-05-22,100.44626584022147,97.46908851473273,91.35987292212874,97.62692065909097
2023-05-23,99.88510933889721,97.68410995275451,92.81538104073941,98.84735015063212
2023-05-24,100.31146291519289,98.91215965389385,92.52660366604646,101.59283578381432
2023-05-25,99.79144406267176,99.18825356925876,94.98439054725432,99.62712071549137
2023-05-26,99.47317432055621,99.23706302534508,96.0200702280926,99.35514214579308
2023-05-29,99.77019633938491,99.34545135967797,99.52340110302326,96.93522715516602
2023-05-30,101.95618356891478,96.39939022391101,98.5106022182983,92.466953167761
2023-05-31,99.15231201731874,102.93064104956208,98.76520767106572,92.24063013060048
2023-06-01,98.63682384741504,102.5726465804267,98.16021971752528,92.4062014415378
2023-06-02,98.6369729297164,102.50406014663831,98.85459927428201,92.93487195534208
2023-06-05,98.92329121652075,103.56763682299342,98.30106838269575,92.56388097992813
2023-06-06,99.0457522060458,103.2664717391665,97.11840258295905,97.151953927596
2023-06-07,98.60861910778715,102.97277216897885,98.61499921396478,99.06643839045299
2023-06-08,98.23460120518654,105.30693417904932,98.44886310072705,100.9128984300649
2023-06-09,98.08625832054099,106.98467438016965,97.16193428743809,100.1233954348329
2023-06-12,101.14038635220064,107.07170306115503,93.8416637523086,98.84903657466467
2023-06-13,102.58029460562416,108.45835902077216,94.32976185775924,98.67716313832635
2023-06-14,101.09180814087718,106.95245641945847,95.37796153856328,99.50808487718541
2023-06-15,104.50445687497636,109.71116518236347,99.106318213357,96.59635968931349
2023-06-16,105.1558700495352,106.49651578287502,99.90243487953809,97.48588500423074
2023-06-19,104.11506622113565,107.85419165433552,99.53747190797084,92.89060773524254
2023-06-20,99.93798259406998,107.48001587643297,101.33836324094803,92.81424020835722
2023-06-21,98.53546517041048,106.03844579379206,105.88182408870006,91.75295030113782
2023-06-22,96.8321994375622,104.83672696248382,106.52581304543061,92.03448518347157
2023-06-23,95.53604053842056,106.17849282963232,106.79099871238338,92.11350722620195
2023-06-26,94.60222638190353,106.81052788407098,102.05049755808204,91.9205009208139
2023-06-27,93.5563733462788,106.43894598695954,101.73474961866698,91.92404793988175
2023-06-28,95.27387789148236,106.35398268627014,102.5733283544231,92.50933123968208
2023-06-29,95.79035488801787,106.04249743780127,101.24626134570755,93.7314743380787
2023-06-30,94.88131936841214,105.38652460023566,100.86603505371954,94.5928273595804
2023-07-03,94.25539580184032,103.41909574373405,100.70663071098622,96.32948492007081
2023-07-04,96.52830128013417,102.90368406610402,101.7686905253077,92.16062410920117
2023-07-05,95.5776966962616,102.53931468696702,100.7248489168461,92.5427914926783
2023-07-06,98.26025777876706,100.93508170051557,99.52229630463418,92.62939957794546
2023-07-07,99.28286543544763,101.61509639348019,99.44171184060832,93.09913762229425
2023-07-10,101.10136163047925,96.28055342316905,98.36043075840858,91.04684527171419
2023-07-11,104.95484710226775,101.73682908395938,97.68264870633907,91.77517149661921
2023-07-12,104.43609150062036,101.03950050438645,99.04773771242292,90.64008493966526
2023-07-13,105.30948337784795,101.90903442990864,101.33858789784502,91.0572240536403
2023-07-14,104.43905096970181,96.06189372715963,105.42736571729883,90.64117331417708
2023-07-17,103.206338866117,94.60189142321418,105.70094260859433,92.44076605081386
2023-07-18,102.91167911150735,98.09541467575946,106.3526517673316,94.13568729374138
2023-07-19,102.87631463702706,97.84441684493986,107.19363760852376,95.0168587805584
2023-07-20,101.55647712016452,100.50576061714239,107.01725532478976,96.97888913144598
2023-07-21,100.76001662188054,101.1474953917325,106.48696991099354,101.56553095576852
2023-07-24,96.75876046933377,99.83791727780638,105.94268898933036,103.75401441169258
2023-07-25,97.53793925055477,99.8239664600221,105.92438784664876,102.09755522506694
2023-07-26,96.18627007689017,93.78710877176195,107.77089876081925,99.57646374888449
2023-07-27,96.24668996042509,94.11060177750382,110.37853938731723,100.45822946543692
2023-07-28,94.00754470030961,95.97200510045525,109.09587650429967,99.5509904086039
2023-07-31,94.85142199111542,97.23556219928501,109.90370690880621,99.68916418949004
2023-08-01,96.06456846061346,97.44404882368552,110.38667055734506,99.83563774931812
2023-08-02,96.0077542030607,97.45740346156185,109.90628927306435,98.09386799761484
2023-08-03,97.26490579035982,98.34906804000575,109.98764724305627,98.48088381264874
2023-08-04,98.75788685307462,97.96967601797333,109.23036100455312,97.75953264798044
2023-08-07,99.04439931895243,97.5844599042657,110.01334026093548,95.42203122130908
2023-08-08,98.94273235155762,97.8905108980876,109.25633553208473,95.16675961528416
2023-08-09,98.70324224494095,100.2594469154465,109.47018849832142,94.53590486822694
2023-08-10,98.24110617205173,100.62528067472056,110.42256482328938,94.46564150991004
2023-08-11,100.29397368816085,99.84054035250685,109.29707814647833,87.94141294814614
2023-08-14,99.99103835389188,100.05395128237151,106.56251394376717,89.676355137079
2023-08-15,96.82151182050512,99.52614514739113,108.54063963961617,90.88856168542043
2023-08-16,96.95996012641649,99.09776046556014,106.78125334754192,90.11600620365577
2023-08-17,96.39752676830533,100.65373864818925,103.82110337283352,90.29563315900386
2023-08-18,98.98245254697372,100.35565540247822,104.23429921278627,90.59326487139585
2023-08-21,98.8999569603499,100.56078866422273,105.72097130935445,90.93284412709755
2023-08-22,96.87135011893658,100.23886392885932,106.05752072201489,89.69048125723617
2023-08-23,94.96489266273903,101.44795318709208,105.92150250332695,87.8245161391057
2023-08-24,93.95110489340011,102.77038048044001,106.81708510948414,86.40261599045871
2023-08-25,94.79810875577182,103.49687071111306,108.76210118974774,87.2382489571609
2023-08-28,95.85450244917803,103.04863575265225,109.14563750235087,87.99547653871763
2023-08-29,98.11763275151736,100.83250913650576,108.69620107487832,88.34567376601345
2023-08-30,100.90674252031073,100.828218316853,109.0533341913565,87.73437890055834
2023-08-31,100.35104864476764,99.92832145568838,109.2565180649314,87.22647857378298
2023-09-01,101.38701796171378,99.99747233988862,111.27199694897018,87.34183878870624
2023-09-04,103.75319254073561,99.13404333543562,111.68640846504225,86.96655121685592
2023-09-05,100.5524258377219,100.21107799683848,111.49712449926739,87.11584036045214
2023-09-06,98.95033521049686,99.43147281023667,111.76882811807911,87.52134913503107
2023-09-07,100.13615171810505,100.55733478497997,108.99278048944407,88.11704920838767
2023-09-08,98.4802107614857,100.62839882432175,109.78039619831974,88.1220217331823
2023-09-11,98.21482930784707,100.48493147485135,108.35568988952411,89.84722481551178
2023-09-12,98.29339057449097,100.4878220054326,104.83781241567105,90.5355170167975
2023-09-13,99.22210997354236,101.6426669056963,105.76378390498222,98.76706712427873
2023-09-14,97.44344538904195,98.56230591441351,107.70780621329695,97.96991724912543
2023-09-15,97.20965546344942,95.72408769407507,108.15342038119904,99.53992185924288
2023-09-18,97.18339174071396,96.09361152061172,109.7039340528375,100.07600673891342
2023-09-19,94.8477287706493,93.62432226813277,110.3366111294717,98.88010552774999
2023-09-20,97.42804697651866,92.97853406415095,103.14328814702473,93.92170112022337
2023-09-21,97.39108490542114,94.4122893145937,104.40931567594596,94.80523164023428
2023-09-22,95.93551255185939,93.44374347442877,104.92239407129821,94.08186105601007
2023-09-25,97.22788416849633,91.09707036843075,105.73821765839656,94.59297825854952
2023-09-26,98.23793199449759,90.68872997938466,107.07619783621594,94.3863684695995
2023-09-27,98.91829742419934,92.72416462914418,106.20985075349748,96.15971225689522
2023-09-28,104.39030373743803,93.6767829595962,104.35753623672103,97.1416143457147
2023-09-29,102.61339395810327,95.98366766851585,101.9448914142282,95.03058643079534
2023-10-02,101.0538887588271,106.9099444077888,100.76041987198543,95.44280714526191
2023-10-03,100.81955935191984,109.25753721369409,100.69647090803635,96.5370942117668
2023-10-04,100.69349061592787,108.12677058877252,100.9997632375579,96.91451531450403
2023-10-05,99.79499672169341,106.94142189158666,101.59575389207261,96.7607679494508
2023-10-06,98.31892988715632,107.7080574115246,100.99086304916858,99.64092107057209
2023-10-09,97.89295177577212,108.95332397789248,99.49876236122839,97.54081947690032
2023-10-10,98.56436287900804,110.35944119245688,99.05659882803947,97.62026142076027
2023-10-11,99.21982150270566,113.08023593588237,97.7136695161831,97.43019959745777
2023-10-12,100.99379144982277,112.15160483861892,97.97432504234759,98.21372297588965
2023-10-13,99.63904263510032,111.51817100210732,99.21945391689034,97.9799262041825
2023-10-16,99.99483745703147,112.59164204106058,98.68768931811654,96.07181924720747
2023-10-17,99.60060618780908,113.63657601329406,98.52016918723668,98.26372097197492
2023-10-18,99.24717729328555,113.27249730013386,101.43904560227477,98.5950805161362
2023-10-19,98.31026369621135,113.38237763874113,96.80034294000868,100.07177017376623
2023-10-20,98.04768851059454,110.8634440380795,97.26853727074646,100.40217395137215
2023-10-23,100.25436262341194,111.20178139186245,95.98307552559658,99.11825647562877
2023-10-24,101.8871504391118,110.61612949440085,95.7605676681186,99.08814505610098
2023-10-25,101.96175672979189,103.99484275524702,95.1813828409854,94.62376237599459
2023-10-26,101.62414228686265,104.9837980908423,93.06571283143161,94.89840421404857
2023-10-27,105.8212186061711,101.52606086332436,92.8282388870939,94.81516620020646
2023-10-30,102.36837832350136,102.68155116023156,92.00824409547543,93.75057311474417
2023-10-31,103.5282213906561,102.95131189050846,90.53273539452893,93.90485933848403
2023-11-01,103.56556055546682,102.9158523502345,90.5573318065975,94.19085572382704
2023-11-02,104.5821128089148,94.44164980818303,89.15369129446975,92.3390215788169
2023-11-03,105.0232898196785,94.61923189995437,89.10988593360521,90.40185365386068
2023-11-06,105.67686302749965,94.19155663122878,89.06150398443799,90.96416164787293
2023-11-07,106.4676619424928,95.55471249167368,87.43836202744001,93.26598380064154
2023-11-08,106.67346431708079,99.00876519971203,87.44868586417053,95.97226100369595
2023-11-09,104.64329680775369,100.6562201809817,87.06925776233547,95.43902982519815
2023-11-10,105.97763925298655,100.73907518561236,86.91122689789732,95.44128725718338
2023-11-13,105.70158995025483,101.39375816385561,87.90367755945053,94.70974909331122
2023-11-14,105.20841379769847,102.46746850321675,87.78331584338227,90.98933858744806
2023-11-15,105.65185280380358,102.16170997047749,88.17800447983407,91.661457353434
2023-11-16,108.8858997505427,103.64100271180172,86.1062825534187,90.50606962586659
2023-11-17,108.27948109750001,106.47156353207068,87.60282916486763,89.12184936047099
2023-11-20,108.33484109588865,105.8699193971196,89.6516810648928,88.20619027707856
2023-11-21,110.09872418572715,107.18354518572184,90.10621196284747,87.04777249730601
2023-11-22,109.53737557501964,108.39715294571289,90.24988083187623,85.89249024263339
2023-11-23,109.17220988755139,107.8216926658752,89.80666058947592,85.05070851240374
2023-11-24,109.98410342538595,106.8431094925001,89.89487397955249,87.83914492393309
2023-11-27,113.43252824815006,107.27818355844565,89.4565647327844,87.0619389177646
2023-11-28,114.18093299615202,107.40852952524862,92.75210414812283,87.37672960467621
2023-11-29,113.6352330866365,108.1698959739201,93.37583974551235,86.58602515311775
2023-11-30,117.1081882075786,109.21427851806997,93.78974522782242,86.86371108944833
2023-12-01,115.3470908210473,111.87289891862109,91.3414367072432,86.5177787253024
2023-12-04,115.74342972808446,112.81553378495393,92.43185991691276,87.747020911266
2023-12-05,117.15017473923466,112.57246936668948,92.64317703995057,86.51995281394437
2023-12-06,114.99691543798134,117.44834033378983,94.75756864043967,84.47791133584411
2023-12-07,115.65318103277045,119.6892213015218,91.81561766675362,83.03138752458011
2023-12-08,113.60936239693129,120.69189062411037,90.44221757697359,82.59546781720714
2023-12-11,114.23456025192237,122.02693490497151,87.61965622846103,81.18619818600776
2023-12-12,111.97017661133984,123.1032327992378,86.94373197329827,80.33396331345357
2023-12-13,109.7114908800837,121.13008495743603,84.08279937454985,79.15620534611134
2023-12-14,112.57200517986044,117.45411110625832,83.26120624609891,78.77600209811753
2023-12-15,111.52025016902112,116.50801217500253,83.14555039211747,78.50009986765667
2023-12-18,116.32425773453127,113.86687781873319,83.64771748594748,78.53554874772223
2023-12-19,115.91372780428708,111.58071793049913,84.19911234308954,78.61408585925498
2023-12-20,115.73986002159774,110.70444382917968,84.48885647175337,79.60157548554211
2023-12-21,117.89594648017419,110.93905423231911,85.03357913287097,78.81873554671981
2023-12-22,113.7376520706628,107.48264821400994,86.84670643475569,78.42594940940401
2023-12-25,113.24816553531542,107.78516101225493,89.94178151540832,77.62065667691837
2023-12-26,113.50287539469437,106.61977455817211,90.29353190737405,75.27626292920752
2023-12-27,112.26635714223958,107.22432621482771,91.46035942915425,75.05377519838865
2023-12-28,109.07122199948083,105.75328921907672,91.67956229347666,75.40289627185386
2023-12-29,109.23120531175945,105.59272255060964,92.20478935357173,75.50099589595445
2024-01-01,110.06555372987337,104.08606309155877,89.42671844692029,75.15840591173631
2024-01-02,107.94423118069707,104.53286244978868,89.62221136207708,75.21788114167674
2024-01-03,108.84463069571586,103.45513659968259,89.73800891395321,75.50816766933097
2024-01-04,112.817559848939,102.2096979287121,90.62894411756565,75.40041343338557
2024-01-05,113.61613915178528,101.2985337908389,90.78462089235404,74.0455350662657
2024-01-08,114.41213981719709,102.5484326726601,90.05800995163402,74.43395067947776
2024-01-09,110.93554659759701,100.69495974736735,88.79521904135616,74.82624068646409
2024-01-10,110.65308891587217,96.9046465321315,88.81644878905308,76.46524767254104
2024-01-11,108.5544248938283,97.49296313788619,88.8343507186949,75.88574764320784
2024-01-12,109.15266376516352,96.99636367936874,88.45141753405905,76.62030908205779
2024-01-15,109.17252061662643,95.3008587115463,87.59119163717003,75.61282267071212
2024-01-16,109.5982209892506,96.29704609822247,90.37684835517851,75.57257262174778
2024-01-17,109.30803701957173,95.0329638699449,88.77072453523878,75.5359583961052
2024-01-18,109.21264485629474,97.28977021446397,88.96971516345448,72.2924007049235
2024-01-19,108.97778282663009,98.14097665523543,88.51383518554036,72.73106900932947
2024-01-22,101.26152049315995,96.09243148745891,88.52450037052202,73.11536662934157
2024-01-23,103.45221097898303,96.47617139430847,88.19051206338169,76.61106580600239
2024-01-24,102.9434738955052,92.37711463481494,87.87972900768636,77.7990045753533
2024-01-25,103.18374903011325,92.90469126009083,88.11630337784374,78.08085755717468
2024-01-26,103.25039663258045,91.24680069328566,89.85684091343902,78.3524884765682
2024-01-29,103.30159207200023,92.18821939953555,89.16157192712394,79.65137522532609
2024-01-30,102.72862133323264,92.82195979768778,89.56298316996795,79.79079845828349
2024-01-31,104.01018575864549,92.46197303224591,90.76162165336447,79.0924033671942
2024-02-01,103.66969443318088,90.5675753255784,89.94490374516153,78.87731265938875
2024-02-02,103.11911847674739,89.07168115688185,89.79167713769249,77.35812040036082
2024-02-05,101.2507271192873,88.46372636096113,90.83924925149151,75.36270190755606
2024-02-06,99.31299507607112,87.83801848289413,89.66749333556731,74.4046919015884
2024-02-07,91.5207070128593,90.0047685556806,91.02280458236956,73.36598317680244
2024-02-08,91.6566520908999,88.96197415703125,90.87181911241919,72.6485698190635
2024-02-09,95.38703571418259,89.63891350786348,90.47687191943636,72.27072086407887
2024-02-12,93.41087358951465,86.91922681872572,88.58755088440284,72.00187222848943
2024-02-13,93.43482917096809,87.22308152549185,88.7172345056506,72.81375035677867
2024-02-14,92.44291391780686,87.10287905840588,89.34591363840127,73.03423118536547
2024-02-15,91.7946502934587,87.73952938761761,86.16648629701,73.51945848246983
2024-02-16,92.18339130262981,89.28973360095611,85.71955252898753,73.6770385691375
2024-02-19,91.4783843504003,90.86659537172345,87.93455545687367,75.12845155743713
2024-02-20,91.17029299706559,92.0004481296447,88.11502307265667,73.88342041263755
2024-02-21,91.75933028779531,92.56348399954646,88.05048861440578,78.82653919744742
2024-02-22,89.67015902296066,90.3916674191742,86.25870202680689,80.19003991132226
2024-02-23,90.58612037601972,89.36072622731166,84.54750601260088,80.60703641158572
2024-02-26,90.51041878798151,88.6231450926945,83.76292422323766,80.91186386941655
2024-02-27,90.57221322024647,89.67514266832704,84.16538272203721,80.33668228196838
2024-02-28,88.99054223498909,91.41369991263156,86.12485968318242,80.18161314983388
2024-02-29,87.541307071722,90.16741055877485,86.11865705010617,82.5547369539721
2024-03-01,89.19018002557833,90.05017731454974,85.18370393699375,81.46816878007957
2024-03-04,90.08443678338321,89.85066520397089,85.86867930489794,80.83415589699108
2024-03-05,92.52143130468802,94.52753296686383,85.98806357669677,80.80602063194164
2024-03-06,91.28814472400278,92.85285217434506,84.08871348243247,80.33413323472813
2024-03-07,90.67508712660214,92.37921972512251,84.33183715990508,78.76379278080995
2024-03-08,90.4878753107031,90.68528994178902,84.15916154444332,76.68309040989041
2024-03-11,90.21438586526914,91.24562224821024,83.45560334737338,77.24920898239147
2024-03-12,90.03425993856534,91.6254750512452,84.2575343908111,77.10942245577199
2024-03-13,90.16851672369187,91.76307336834341,84.51233747956891,76.13479625670685
2024-03-14,89.31071410906249,91.72661541822497,84.38744000107084,75.46085262433932
2024-03-15,87.85386427616714,93.2708162343076,85.1103733163841,73.9386782816307
2024-03-18,86.76072319365484,93.9515299799649,82.88063016889161,73.23364106470346
2024-03-19,88.26955620953994,94.92707309591152,82.66826073678435,73.88452628579095
2024-03-20,87.55552994470256,95.36226660061556,82.77055675156072,73.2136261875579
2024-03-21,87.3801739765893,96.45222742459265,82.54308531645728,73.03514710242936
2024-03-22,85.75539656161303,102.73985419554185,80.6134284197773,72.53258799986452
2024-03-25,84.53531930819226,103.49933765998225,80.86265937895175,72.54174411767715
2024-03-26,87.8012649104338,105.58205247795414,80.76918952016614,73.65854473672087
2024-03-27,88.8332715086284,104.11383622048949,80.27117072160837,73.56487690052643
2024-03-28,89.12482805827207,103.42855688371044,81.21393160460435,71.69661010443221
2024-03-29,90.88988200271112,100.13754264970369,79.30199176083332,70.15447040666378
2024-04-01,91.31349414530813,100.81220354472012,79.5650642443586,69.7366421936394
2024-04-02,91.84009631612328,99.69740246734656,78.66728051658671,69.14402023607519
2024-04-03,90.65250759063981,99.17134454611771,78.70341015802236,68.9014551713318
2024-04-04,88.34913813794199,100.3275045577664,79.9999440501582,67.4031210032426
2024-04-05,89.13987526084671,98.32789835037212,80.61635083030174,66.98577672968261
2024-04-08,88.62376986015387,98.36346996835836,80.75978244937575,67.41753012107836
2024-04-09,89.61952030083438,94.11004980121633,80.87253213110209,66.29030287741845
2024-04-10,88.76565572019248,96.47103149821267,80.84828365803827,66.2560774027222
2024-04-11,89.28819259301443,96.08726682506547,82.64292058929249,64.88709254304156
2024-04-12,91.01694932028764,96.56663820009727,85.87897578784882,64.37999458039845
2024-04-15,90.754479766021,102.08389778207952,84.37191902070667,64.20417066574828
2024-04-16,90.25500816137986,103.77743104877023,85.3975361478252,63.93040397202944
2024-04-17,89.29273765128734,103.2065691079304,84.54941976096315,64.78837346576427
2024-04-18,90.37199447812692,103.0195060118714,86.02941440309118,64.40092515061183
2024-04-19,90.85004373355707,104.39634439323851,84.98329619568368,63.25561728460168
2024-04-22,89.94306291736731,104.5268241087332,84.66038675500697,63.4459847847348
2024-04-23,90.88709392597077,105.22164137297966,84.6363121364015,64.514484014774
2024-04-24,91.22843318552584,106.98213767572786,84.75901871777208,64.1083004741806
2024-04-25,94.98573522799894,105.53481644991768,85.3680523706562,64.13708735297652
2024-04-26,92.71359171533256,106.53898587044249,85.61572056478332,63.952388015005326
2024-04-29,93.09332920010124,107.23947303398515,85.57446468286324,64.19763297967772
2024-04-30,93.1759043348129,106.20686948436864,85.90115814636235,67.0614044084395
2024-05-01,92.75232805906856,106.11663840583876,86.35858615743683,66.90891554946941
2024-05-02,96.44461645717703,105.1275191640257,86.85468074716174,67.35026268958141
2024-05-03,94.44947393795285,105.80886763453357,89.08578484506728,67.47558208861918
2024-05-06,91.93152449219319,106.4250686507761,87.53291462367963,65.117910632281
2024-05-07,92.11153644111009,109.19832537812535,88.94379735849036,66.25463244981478
2024-05-08,92.71035715635183,109.52265149370537,88.99316009971233,65.62825334038021
2024-05-09,91.64847778809153,110.42737893480705,84.01153861751813,64.86771387731625
2024-05-10,93.16215039690192,114.05561174693277,83.57341990469082,65.33005392964628
2024-05-13,95.16377934516495,114.3804460835884,81.82890505563948,65.43821658482722
2024-05-14,93.91345780824376,115.05903584285595,80.75496667270843,64.61256735736166
2024-05-15,93.39153271608424,114.99224049352938,82.07565255170775,63.7261960427726
2024-05-16,97.31333730625505,114.64677811087465,81.68765012726277,65.36314882847134
2024-05-17,96.49140328432317,115.16100954593075,81.18822141898282,65.30041507544526
2024-05-20,96.99090724331182,115.81733630185865,79.90591841817609,65.89877410696766
2024-05-21,98.02163501182145,115.12573543072355,78.01402044849854,66.39219654451468
2024-05-22,98.7601593003928,114.73390527428049,75.77213113738446,66.12168953757981
2024-05-23,95.63653644552681,115.40577325276735,74.18431223416117,66.24875475569199
2024-05-24,95.70651551052586,114.00828775107736,73.43429117729448,66.39632669157753
2024-05-27,96.11636163267754,112.1250447938734,73.7138292771678,63.696716266991174
2024-05-28,96.10284528469163,111.4942597480792,73.90803256455281,63.12290300344608
2024-05-29,96.06643415635003,110.28245546353095,72.67805431211876,63.870364287072526
2024-05-30,93.22912210515928,111.91719899602437,70.12921039664728,65.05327256018808
2024-05-31,91.32456979412473,109.12046597959713,69.1421214964844,65.82450491100661
2024-06-03,91.33461232954086,107.9079444789487,70.44466388707367,67.23376829526998
2024-06-04,90.07463959264356,108.06735288893479,72.27096934662741,67.00771590541243
2024-06-05,89.71950670235125,107.94958033488462,73.71235144077035,66.32925167889246
2024-06-06,89.51523206642963,104.27876075753318,73.96369305731848,65.30285534769178
2024-06-07,87.48375315241684,105.68906481159415,71.72679816158609,65.32227725473606
2024-06-10,88.21083880640722,106.85388342147495,71.81964841933022,64.4098917290406
2024-06-11,89.92541521061068,108.52973553108424,71.6718084358503,63.468786432308036
2024-06-12,89.7437861017918,107.30851261751559,71.26486993294057,63.37502421404584
2024-06-13,90.28460512330892,108.58179681489088,70.623256139715,64.5186592904144
2024-06-14,88.39416042912025,108.40959418918497,71.4531661211062,64.308935568146
2024-06-17,88.57490443176881,109.05304635173356,72.51355809061624,64.97367993198142
2024-06-18,91.49433316162107,108.65962327356497,73.31198016968733,65.14825128035025
2024-06-19,92.46803662516902,107.24716128799602,73.84415975170981,65.06816825706181
2024-06-20,92.85362379962311,105.76092454954068,73.9222086479386,67.8821095321672
2024-06-21,91.63519865186029,106.82256396049819,73.74874522823698,66.6158234716104
2024-06-24,92.36025008959123,109.45362696843999,74.52694958057056,65.76648308958812
2024-06-25,90.71100235090927,108.57036077229168,74.94739409558204,66.70564063081127
2024-06-26,90.79424092699318,109.26814136799057,74.27424364080052,65.4593948589305
2024-06-27,91.33333488586676,111.773821079553,73.72638641262505,65.24485602794061
2024-06-28,92.90550880754871,112.62168916802524,73.60298012628567,65.24852945128491
2024-07-01,92.44018052745137,110.31233045117601,72.02719439471225,65.61759290948861
2024-07-02,91.55276467142933,111.5059161021738,71.53947529265758,64.99908992483529
2024-07-03,90.31384358895667,113.04977667686522,68.20822838707275,64.09575276015795
2024-07-04,88.1086654220216,111.24249592091104,68.72402508805516,64.62992329443819
2024-07-05,88.53887255177506,111.40792867349796,69.3168305833679,64.8647508111431
2024-07-08,89.33515389940223,113.28752013920761,69.55149827743168,65.12703615989705
2024-07-09,89.4353851788168,116.39173571179265,67.56847532905563,65.36666093286098
2024-07-10,88.01448223917807,118.63992956981177,67.44768450045564,64.90635866405499
2024-07-11,89.18408303548885,119.70242023309913,67.40887819579214,65.1827912376567
2024-07-12,88.21305800058803,120.29617288471637,66.73350795716775,63.79126367046485
2024-07-15,87.51624813113351,118.1195735951545,68.67778209455031,65.32224622877402
2024-07-16,85.71639848337631,116.90474004930769,68.2813039091883,65.50667938989204
2024-07-17,84.83863798585689,117.46687671766318,67.76158824504442,65.00884411835189
2024-07-18,84.96178158269242,118.44932057255808,67.54749010131682,65.68154188707119
2024-07-19,83.0495559283811,118.06296101796931,67.75088971454706,65.38794180594788
2024-07-22,82.96364927864187,118.59709762385665,69.5774700675285,66.09070467753494
2024-07-23,82.59761306634982,116.82606338306314,70.2153988478793,65.48834717169545
2024-07-24,81.58640850430028,117.22144804812243,69.06438287829289,64.54587389474995
2024-07-25,82.2224654834369,116.7492798741455,70.63566870910886,63.56727187258946
2024-07-26,80.85367425303266,111.10065106044165,68.71917940596636,63.992216043053254
2024-07-29,80.30270047160059,107.42413822643427,67.86191050460009,63.24860498529598
2024-07-30,80.01041558202748,107.69469417809616,67.39761405585475,63.25623826822486
2024-07-31,77.07301556670875,106.55607484095277,68.24427186434806,64.10204908752561
2024-08-01,78.52188148914803,105.64620381665198,68.21494619892107,64.0546041182543
2024-08-02,81.08799035416385,105.67188642099138,67.73645797595405,64.58186065293312
2024-08-05,79.76098692324538,104.31220070814844,67.91555953023534,64.07582716737006
2024-08-06,79.55679165226786,104.81076361289992,66.2047382609439,63.27524224632908
2024-08-07,78.70717306070777,104.24831453261334,65.78897410162048,62.31136500914033
2024-08-08,79.54779511786228,106.49032188952702,66.37716027847907,62.58097588106308
2024-08-09,81.25435453224777,108.01263846134684,66.38136379801597,60.235173457593305
2024-08-12,79.9120527298699,107.79016417821516,66.05621011561507,59.697991717629186
2024-08-13,79.88720723362468,107.92890034640111,64.1598256512355,59.53382686597212
2024-08-14,79.93421206594779,108.64102374515187,64.39439419496323,60.01463494735684
2024-08-15,81.42136455656448,108.86364625470999,64.32876629916842,59.830559387031556
2024-08-16,84.1322706796901,104.39714986961339,64.03373504151298,59.901807746946325
2024-08-19,84.10108130801166,103.93447545679042,64.10592952279183,60.99373316316793
2024-08-20,84.87487983548664,104.6604326039501,65.9300716430636,59.74187553673382
2024-08-21,84.90207764470111,103.93760523169648,65.57136598583946,58.986568673741736
2024-08-22,86.19158335319432,104.99929969950084,65.28635664261105,60.09482214451018
2024-08-23,86.06164269658684,106.78306574270702,65.56454386265632,59.94509447648243
2024-08-26,90.39463972747784,109.75411367894704,65.35337548358018,59.066366937397596
2024-08-27,90.67005302542242,110.99890056935031,66.22814051148983,59.465579151761496
2024-08-28,90.57671532615763,111.86333145598624,65.17718301152568,59.12315908780157
2024-08-29,87.13090496650709,112.09424417108976,65.15567081727609,58.73409657684635
2024-08-30,87.99608714871646,111.13435737029589,65.71203651069932,59.08439536740562
2024-09-02,88.3215608462803,110.7603567738729,66.83574763100461,59.27576905909254
2024-09-03,88.23333588929805,111.16172305203884,68.01743381539109,58.042026721204344
2024-09-04,88.48360128517639,112.05727681188708,67.4798848485326,58.46709114466581
2024-09-05,88.410842110071,110.06809665443735,67.67929560174,58.97098291072045
2024-09-06,88.0398664853536,106.38859489411914,66.63073954224602,58.714708866162255
2024-09-09,87.6418645664523,105.44801880322356,67.73084056719789,57.99665680520082
2024-09-10,88.17465247216971,105.06141161200372,69.26637260286523,59.774957549707416
2024-09-11,88.04495892185807,101.93217782852552,69.32411188096711,59.473676557644694
2024-09-12,87.69257144627657,101.14151736115164,69.44800819451234,57.84952859488427
2024-09-13,87.73825180574688,101.0854200577092,69.0848810533207,58.008099162941896
2024-09-16,86.45655238838232,101.59745366045479,72.04270964143484,58.64397042459534
2024-09-17,86.66607008577525,100.57880731997788,71.94889808641355,59.05499329135723
2024-09-18,87.05099736283792,99.12257566917094,70.6191208783297,58.71748786166348
2024-09-19,87.40735434585662,96.4550395414074,71.06735227568365,59.957337749446474
2024-09-20,86.66842520593984,90.7559152549744,70.24533560925687,60.16479763329238
2024-09-23,87.6346964303187,92.42388569351839,70.35513215669654,58.93096507003525
2024-09-24,87.72680922740733,90.86891713470311,69.97316847947529,60.17253229450723
2024-09-25,87.57496273528628,90.74506354658475,69.75178448172741,60.38795528258481
2024-09-26,88.59657321397695,89.45282084397658,70.05736820016615,59.189114776304095
2024-09-27,89.13379830921497,90.64654894178209,68.10916909847002,57.509689605154946
2024-09-30,89.32760280806656,90.66104568596516,67.35374370869427,57.75844683054465
2024-10-01,88.51825552145922,90.88086016821762,68.61314412307965,58.17068023900597
2024-10-02,92.6399817111286,90.37477356809461,68.10725528639226,57.86933840946491
2024-10-03,92.90736439053725,90.64156068601464,70.58876443837575,57.73060247509404
2024-10-04,91.53396842746676,88.66945007185703,70.86381585494883,59.27931136976591
2024-10-07,91.03341259964638,86.92462355448266,70.60293120306562,58.71860337083818
2024-10-08,92.07061305225942,83.77949145252926,70.47869793625836,57.7200162372836
2024-10-09,91.54044027932102,83.96020431745434,70.47244757551302,58.0992187647204
2024-10-10,92.69725647825439,83.09471145603707,68.84753513102393,57.65697851693178
2024-10-11,91.96553649515735,84.66155857639514,70.15009836676902,57.4727166852929
2024-10-14,92.38811008926427,86.07340925291494,70.6547632725231,58.58818123832164
2024-10-15,93.50395091361415,82.77785736962521,70.4078415049348,59.716204684534524
2024-10-16,93.88509426178088,82.4081013495468,70.65827814625737,59.93493810701619
2024-10-17,93.49331696063638,83.99734806408841,70.61723754676102,60.17653031278434
2024-10-18,91.83482785029747,86.6529647452149,70.31833585218877,59.82136322214776
2024-10-21,90.48768827672828,87.19268629356527,69.94130480742493,57.83861329102101
2024-10-22,88.66937744406975,85.5380682044515,71.77445204294747,57.823942780964366
2024-10-23,88.57411277437876,85.13497089875042,72.26037343261753,57.73080905540067
2024-10-24,87.48094845543888,84.80863406574154,74.03999943027935,58.06751553364331
2024-10-25,84.01340527880738,84.96114540742481,74.32120192242319,57.57379982216461
2024-10-28,83.12342024268263,83.52539853191439,74.07716180867922,57.77497341067524
2024-10-29,83.00780237131072,83.45412697348162,75.02888550125635,57.932731439328954
2024-10-30,83.54018713905705,83.9732187103659,76.65934741969915,58.860053875027226
2024-10-31,83.83829209112393,82.95874575298251,76.82916674133217,58.13928812871262
2024-11-01,83.64507811124281,80.1444127692815,76.25464469120321,58.09861553231279
2024-11-04,83.52635712048784,80.34840043545027,73.70585089066738,58.257891782931935
2024-11-05,86.09817156442219,81.76361612571084,73.78166820039404,59.08292646771196
2024-11-06,85.3227791091096,83.37475205231829,75.85753322677154,58.940320998246975
2024-11-07,83.82972416901498,83.12247061740658,76.16238051935528,57.931773683131674
2024-11-08,85.39027088387296,83.95843632304567,75.39192096612514,58.34631015174657
2024-11-11,85.41356769971182,85.26912113641566,77.96215981861862,58.29714617988239
2024-11-12,85.3936900376485,83.82224403725822,79.1216115814959,57.98001789229424
2024-11-13,86.52227227295589,83.64632628300845,77.19820665795125,56.32062539412729
2024-11-14,87.70698892547493,81.3265846091262,77.16583894193704,56.96523815285583
2024-11-15,87.30655391872673,79.28382333172085,75.23727896564432,56.595534435662195
2024-11-18,87.94440178638497,79.41796106029277,77.31880764060442,56.85155572997782
2024-11-19,86.511229614125,79.91888139185882,76.82347631071195,56.67489011665746
2024-11-20,86.66470919198557,80.93730612014623,75.23904549311251,56.62098405226793
2024-11-21,87.08748329998333,81.01170055900302,76.62475719318498,55.74170492825926
2024-11-22,86.35085792907026,80.24154055815225,74.86836341931458,56.564991058064464
2024-11-25,86.49599182031868,80.45050982796133,75.88128303557865,57.03368046002648
2024-11-26,87.17976379395034,79.57602836839544,75.51668847323734,57.936224873752685
2024-11-27,87.15820124678318,78.68630452542953,76.10625275606004,56.65064662323911
2024-11-28,86.5533832858363,78.02415581618973,75.42971305968015,56.92269343895244
2024-11-29,88.02786447214935,78.4179013304228,75.97179865022112,59.849536300298126
2024-12-02,88.43583559093572,80.28800734272745,75.22417408324588,60.83182186657622
2024-12-03,88.52154159635656,79.86355418649484,75.73883832097596,61.31786531589669
2024-12-04,90.18720776401639,81.42162568949391,74.59810217179506,62.32218747379377
2024-12-05,89.42984768842027,78.52889161552146,76.83228640860581,62.765397547251844
2024-12-06,91.90423550418285,77.73853517087618,77.81430046410753,63.59753898458192
2024-12-09,91.90168312923039,77.84286137306628,77.84642112824312,63.28143067048103
2024-12-10,90.95150344106914,77.5917464257175,76.2729395389944,64.53021913141185
2024-12-11,93.54568030951968,77.62593449838361,77.4200646443538,64.01089904139926
2024-12-12,94.11243560151141,76.13963336508502,77.68074122614881,64.0100810847307
2024-12-13,94.77421498152057,74.65023235812593,78.81170284187952,63.5082727645076
2024-12-16,94.51428244465441,74.42095355429001,80.2049333112716,63.28284214066776
2024-12-17,94.93799692582444,74.32077295359507,80.5264799664836,63.38548249438831
2024-12-18,94.96930493464383,74.05000831531817,80.0097266420252,60.529777051587864
2024-12-19,92.9792903613439,73.31391685235845,81.79761891060166,61.38640241681947
2024-12-20,92.32108053798605,71.25996355084105,83.43924538197724,59.86741119605677
2024-12-23,92.94644891106827,71.15708395212019,85.91017370787709,62.61328343247977
2024-12-24,92.10686939368478,75.8766915917027,86.60966374979877,61.79303474274138
2024-12-25,92.43023718720906,76.79149225924093,85.86723237034005,61.20752671081602
2024-12-26,90.25262025093546,75.61433469991641,86.19760028015659,60.918852054950435
2024-12-27,89.63463544149359,76.04913137709654,87.53531733328552,61.2238685667004
2024-12-30,90.12660830589654,74.08686933834886,86.74635163894148,61.59583477024807
2024-12-31,91.492282312122,74.64690124004989,89.36047544791155,60.86346796948533
2025-01-01,92.76701828921028,73.62248699077163,87.77756264478369,61.46947727271508
2025-01-02,91.52415374768361,72.14624607061512,88.47047606360091,62.104348720623214
2025-01-03,91.70452919138282,76.22848558615532,87.6310208174468,62.57724591859793
2025-01-06,92.34217346407864,75.43966827037416,87.7040330391479,62.549540825281824
2025-01-07,91.02917600848293,76.16382886361043,87.88019090715586,63.46553159889391
2025-01-08,91.66287807765715,76.98927171215766,85.8744435671631,61.8060897745232
2025-01-09,91.6783252972836,76.31160068679685,86.25300046151035,62.75493942403363
2025-01-10,92.38365149246464,77.37601100434873,86.66879885573464,61.807958672135186
2025-01-13,93.00519311686392,77.70281917330037,87.85642118984221,61.42239728019096
2025-01-14,92.65071865483544,77.38777613824792,89.44859412824636,61.35346585375061
2025-01-15,93.75574919356079,79.00940271800108,90.22465012453326,60.88655091239546
2025-01-16,96.32717950432506,77.94062661547633,86.50356139742247,61.070822363542185
2025-01-17,100.10169485406446,77.6943439503154,86.50871884855374,59.826054298410405
2025-01-20,100.6085563242659,77.29933156501147,85.02225792420303,59.47008484555697
2025-01-21,98.92024617354642,78.25260980748324,85.10047305074185,58.4313387216084
2025-01-22,100.94955771184499,77.63059831842845,85.64452021784523,59.00481202666291
2025-01-23,98.87901949413377,78.8847652232259,85.08737739234255,58.54866935203415
2025-01-24,100.21197695236339,79.50402154108936,84.84563152079465,58.93239988193055
2025-01-27,101.5943131280175,80.08572887831683,83.11976651665302,60.009262508156034
2025-01-28,100.88982672654845,80.73057800110186,81.93336905997842,59.19699533964472
2025-01-29,100.34351557441497,80.21687045097295,80.92431231553205,58.04054002713749
2025-01-30,98.81178207811747,80.37132606438676,80.95246276431793,57.67520843823721
2025-01-31,100.21335416257706,80.94310765125294,81.92068571963746,57.994109537501046
2025-02-03,100.14623653528814,80.89971467982264,80.09787038591068,58.7551306395353
2025-02-04,100.54019405691474,80.85925502020217,81.02025574630272,59.34893063272476
2025-02-05,99.64846733068823,81.0782086892222,80.17875005001893,60.00630226245494
2025-02-06,100.0763165990241,80.9552433495374,79.3959659919798,60.929734835874996
2025-02-07,99.17707304389548,81.30082230594317,78.0214659391032,60.587808807809175
2025-02-10,97.92335910860025,82.16950027598878,78.37625621161457,60.851651733163024
2025-02-11,99.30990328528993,81.99812291141147,78.47214440310809,61.84993937723797
2025-02-12,100.76295804270437,81.87789450320956,78.70158946938729,63.133067567101705
2025-02-13,102.17616537744108,84.55646586349775,84.80841798305242,61.49311913334501
2025-02-14,99.53085947447018,84.8846462620702,83.20210014064669,62.82890551546467
2025-02-17,99.58087883751028,85.58592945346713,82.66459601211426,62.83462711505151
2025-02-18,99.93699877547907,86.7643299308754,82.39893282240604,62.438208404012265
2025-02-19,99.48205114375189,85.14995994713234,83.55537756173588,61.982211652165645
2025-02-20,98.11636998654059,86.15369033732061,83.12611474327743,62.25616107845252
2025-02-21,97.45586179459754,85.9399883764026,83.16076355406122,62.96779930302815
2025-02-24,96.70473322653986,86.41764301954018,82.80718462208256,63.063073901742975
2025-02-25,100.59746123845419,84.01399039179626,78.01964588760022,64.19096907358347
2025-02-26,98.53642893227757,82.68614929484052,78.96619041296233,64.51616829056516
2025-02-27,95.90492725470283,83.06088808199107,80.73391757993829,63.745968281091116
2025-02-28,93.84811552899023,82.70676211151631,80.90615744084046,63.662907278398386
2025-03-03,94.58835144014662,85.19577881897953,81.02344738091752,63.16746744971321
2025-03-04,93.9326002503132,86.09853721219541,82.02794888249501,62.91730151503203
2025-03-05,94.17508556310639,85.34708496243418,80.86500940669995,62.618146835939434
2025-03-06,93.9405133015989,87.15590327474723,81.58336417130658,62.86857850058869
2025-03-07,94.43501610295866,87.33782168492677,81.97421587380526,62.46514551375788
2025-03-10,94.67527925959274,87.0581272704009,80.03449137798688,62.45736448424333
2025-03-11,95.33126619291063,87.7220044284574,80.93444568612784,61.69059854899426
2025-03-12,95.3130850178902,88.64777886160121,81.60042121808192,61.540834875706615
2025-03-13,97.70669357084762,88.85309456764708,83.08080762177565,62.244871534125046
2025-03-14,97.23331242654254,89.40589621732742,84.67379750726367,62.6383224592455
2025-03-17,97.01852761994347,89.19928769664068,85.08356624728457,62.35111049012371
2025-03-18,99.46030309637493,88.41616532623964,86.7829826296618,62.24729883997502
2025-03-19,99.53261583702442,88.04026530569986,92.3612642942252,61.43700845819803
2025-03-20,100.26002888668242,87.16154632480601,89.13579681837075,62.00237861954869
2025-03-21,95.37940712379174,85.07844782847761,90.6087066672566,69.09682555930698
2025-03-24,95.13298192174778,86.85916297770528,90.10963973167486,70.68297877812935
2025-03-25,95.22498413969186,87.07737830892651,91.66603108048106,70.02495514211043
2025-03-26,94.6516242384651,87.0099404657539,92.39888634884473,70.22982736808677
2025-03-27,95.70481724186324,84.77804242366383,94.23186508994299,70.44234365964157
2025-03-28,96.90924332042938,84.59768079939192,94.90058189733189,69.20919008876663
2025-03-31,95.58097448051353,84.34305008508099,93.60528336646006,69.64902832926839
2025-04-01,99.44725035896987,85.46799890057257,93.1207636535153,70.35959277991834
2025-04-02,102.34548796898251,84.32708591588309,94.47109363338602,70.15936253319035
2025-04-03,101.48433065214222,85.2255107494075,94.27175430618986,69.40659004250702
2025-04-04,101.58454454780559,85.5407477925688,92.10279696700408,68.49423376359168
2025-04-07,102.14463392795432,85.01093255456809,90.49239842088596,67.56138762715683
2025-04-08,105.45624498293505,83.37657939502499,90.88266573441011,67.03284763490545
2025-04-09,104.84873813411706,85.09697172708421,90.73245398525992,66.32739817959033
2025-04-10,105.12037419708291,88.17512597895517,90.04549939169607,66.96000156713392
2025-04-11,104.32302307073833,88.54613323962089,89.88829125197242,65.9705546270374
2025-04-14,103.4253057127595,88.77010170614209,91.2550212000813,64.16055718950147
2025-04-15,102.19750599140494,88.63437726678053,88.98293134764944,64.91387328787377
2025-04-16,102.31633993869443,89.13746173459187,88.94197731910435,63.149454969224315
2025-04-17,104.43768906104668,89.6945921124096,84.0882436337716,65.17427195408793
2025-04-18,107.27947749663048,89.73949569361551,83.9477285600449,64.94634170907963
2025-04-21,108.26294139558313,88.14870589506482,86.34454413474437,64.77754460795677
2025-04-22,111.10516758071651,87.21591641326503,87.39356122207691,64.53150529614514
2025-04-23,112.894518548334,86.85741395410462,87.42447981536142,65.54416311278328
2025-04-24,112.90580295795058,89.08189545137942,87.05870606530627,65.23401828977927
2025-04-25,112.43071878163508,91.24278892158408,88.97537939503795,65.67096887855298
2025-04-28,112.66605851800449,91.26742508448369,88.42381419949068,65.1244907161205
2025-04-29,113.09927097581549,91.05590002850667,88.68237714471555,65.04617581176771
2025-04-30,113.77654103758621,89.8205482605809,90.90844808611807,64.13126774681085
2025-05-01,113.97221864253903,85.93886838958801,92.40143670881679,63.46946249842893
2025-05-02,114.7503833944068,85.62083044318119,92.47932228801461,65.1569415374515
2025-05-05,113.7643430197344,85.34793302728328,92.63819941455415,64.89447131335068
2025-05-06,115.80456623825704,80.95530737660994,93.52746865829693,64.92292741239018
2025-05-07,117.15561816852352,82.07182667637167,94.31666966329452,64.55724576002247
2025-05-08,119.76726353357688,82.61040592856375,95.06273619687279,64.59387574823057
2025-05-09,124.06938587390574,84.02022135280112,94.52781316522591,64.70184992067013
2025-05-12,123.12882597899598,82.95336489302247,98.4691780400818,65.07133984831786
2025-05-13,123.75650882372598,82.76761557480991,97.44472824483445,64.26501569455499
2025-05-14,123.53686953767742,82.31431601500606,99.65942161857501,63.6772744146264
2025-05-15,125.8959766927185,82.20975685748674,96.47089353859056,64.57458688204167
2025-05-16,128.20052424997743,82.44097953040867,96.87142434490433,65.28210525125834
2025-05-19,129.16674853720147,82.34378628724549,98.96566913542964,66.23629638691291
2025-05-20,128.68450789603511,81.66201855531109,98.60977195282959,67.18667543709003
2025-05-21,128.91942707491123,81.7347615143348,99.45288402622904,65.05389439668191
2025-05-22,128.65738458999934,81.44538447944765,99.19620743058968,64.56363759738547
2025-05-23,126.85972518084871,80.70901346389994,99.64496076943486,65.19108774236018
2025-05-26,128.16162091304398,81.46867755878554,98.94443226230885,65.64231189460733
2025-05-27,128.89920094121734,78.87078716836714,99.44202562084817,66.0941269836964
2025-05-28,129.1436661386754,79.12593834652245,99.01340425241041,68.91191552884443
2025-05-29,125.82978405786575,78.41275821623219,99.6316149943282,68.87564152054324
2025-05-30,118.85474702073242,77.18149469603233,98.79485086224985,68.6183078874042
2025-06-02,118.82631675399391,76.8823105725477,101.21617966245122,67.11986038677477
2025-06-03,122.82952512270077,76.8199909506547,99.44777167124471,66.75018050983243
2025-06-04,122.5642764007012,77.19979068911297,99.73697050127569,68.14302229996856
2025-06-05,122.16359186303298,78.14955670300947,100.51357492282985,66.87943074153216
2025-06-06,123.47672998890773,77.01976874825091,102.3327084805497,66.85988625799094
2025-06-09,123.10362041964524,79.16024571313868,102.2048836024474,66.24273029219887
2025-06-10,122.40709521525642,79.24710658559442,102.40999877396271,66.77478191494468
2025-06-11,120.27052165724596,78.46148322163955,100.74693577065888,65.57692163005602
2025-06-12,122.86131057515293,81.35772305662888,122.35745059761656,64.89132284262436
2025-06-13,124.23932399510993,81.20515561269801,120.94504052914597,64.75362206103874
2025-06-16,126.6101568620027,79.48444395368793,118.9094678711001,65.47069491605482
2025-06-17,127.91425990711203,78.63569800594891,118.08200372183295,65.08394661395911
2025-06-18,132.27542790462098,78.05533750346034,119.64967474424297,65.30543111132735
2025-06-19,129.91092748850096,76.08328108262292,121.92714758153464,65.736655233389
2025-06-20,127.78506623572434,75.44871226798493,122.54241218266148,64.93667635068486
2025-06-23,131.29694138251494,75.91079113369331,123.61776462182323,65.56858841074859
2025-06-24,132.36270625987973,75.12096986590086,125.47805998602222,65.40502821218851
2025-06-25,131.75492657359413,78.61924776464447,128.90108108305597,64.71495932184972
2025-06-26,131.4632224656161,79.83687849784758,131.95703284840442,62.773710500496996
2025-06-27,130.6389940503408,80.34751476834546,131.4825597037109,63.467332696651326
2025-06-30,130.06849301918652,80.8574125552919,134.12646952762128,63.18200442664861
2025-07-01,130.20770191877173,80.91626997126504,134.43324343000097,62.77285955101476
2025-07-02,130.5224836792082,77.77598898503612,134.04689957410025,61.967455849436604
2025-07-03,131.2647035631774,77.71590635851265,135.3933895299574,62.551275050027186
2025-07-04,127.85834600710008,79.68163043105132,134.65194711315482,63.238713577382285
2025-07-07,127.82472866135221,79.77147409655608,133.67506890781655,64.18726168407687
2025-07-08,127.46861159600967,80.95041208341944,133.6768259067857,64.0402634374334
2025-07-09,127.11504044715305,79.84580521531298,131.5425112143727,64.86725877385211
2025-07-10,127.3847653552548,77.39918935101555,130.4778748022686,65.9031139569467
2025-07-11,127.42845893580291,76.92813600805309,126.50145015034357,65.49095382288392
2025-07-14,132.18837448920183,78.00569111193376,124.06675712821674,65.8384620276752
2025-07-15,132.37538560713793,77.39523651101628,123.74179588457024,63.66122301452777
2025-07-16,132.53366781986588,77.88550913424626,125.29961078298284,64.30590234298928
2025-07-17,132.06364464977335,77.6721607423184,127.46478975606476,63.79837100665118
2025-07-18,132.2908340683336,77.43192340672137,131.7033244548004,62.139751862514736
2025-07-21,130.81121003357512,75.90892761878666,131.2302909894517,63.14995667497233
2025-07-22,130.92142527128482,74.70911239056093,130.21336674290737,61.666404261145324
2025-07-23,127.7285181730667,74.34540733719578,132.3476403850282,61.7395232046938
2025-07-24,126.96216694280496,75.29829556894289,131.9687151748463,63.077102360489654
2025-07-25,125.62157610060282,74.74219454019183,132.11824030899533,65.10139755796726
2025-07-28,126.352937992095,75.55807578403336,132.60937248207165,64.3919213505008
2025-07-29,128.83548314143593,75.01381332513321,134.9735216284842,62.52528977611275
2025-07-30,129.1073494944987,75.04609083970473,136.17592690985606,62.70859008826199
2025-07-31,128.93856247678193,74.93032482415035,137.70913714425998,61.67979003335012
2025-08-01,129.30830108063378,74.88277040060203,141.98907841534378,62.58697679772691
2025-08-04,129.93568305285896,75.74438730569327,144.0334228460651,62.499320560114555
2025-08-05,128.72883092786768,76.12425276174358,143.94477264181035,61.587459733105945
2025-08-06,128.75894798045385,75.63724888959412,142.1148490415692,62.251009400999855
2025-08-07,127.6411450897196,75.37803650095945,143.6728178062683,62.584715204975474
2025-08-08,129.9054334701154,75.61491682929953,143.51638769419392,62.860851736571824
2025-08-11,130.97261546782272,77.52098869097243,142.72756938846155,63.84154608722622
2025-08-12,132.01289213307086,77.93516205244114,143.0363104132141,64.73672192342461
2025-08-13,130.52885605409693,76.60845850556706,141.88491818484113,65.26578189428132
2025-08-14,131.42858521692645,76.07707442405838,140.6172109033314,64.36706272445804
2025-08-15,128.0852274468527,75.69400709254309,141.85670351982964,64.14982068012904
2025-08-18,126.34880795285504,76.74928612568944,139.0903674105799,64.7294416265644
2025-08-19,129.82558298429285,75.93911381600175,137.37209570220872,64.99498922995149
2025-08-20,127.82960646413474,75.84200718557088,141.54946520535586,64.13560490105802
2025-08-21,130.10822021725562,76.36979833956065,140.65306250245283,64.4604872239554
2025-08-22,128.01384316953974,76.06594954314575,139.73024180970236,64.21169023984696
2025-08-25,125.87428402560685,78.07973271455542,144.54333287394238,64.69090733730698
2025-08-26,125.46444606172484,78.14849941203236,143.44231010005456,64.36092363484266
2025-08-27,124.12343026881318,79.82779215207785,142.52845777532502,64.14361293593782
2025-08-28,117.3169569236187,80.39117516443717,144.05604089215072,65.09381983454684
2025-08-29,117.0137257107491,81.21406075261827,142.6008147691077,65.71395136155571
2025-09-01,119.31500461179074,80.90742893205886,145.30372083709042,65.75971422121361
2025-09-02,119.58320677963776,81.81670978718704,144.72162269863404,65.8417228544848
2025-09-03,121.27697190752463,83.08921588760259,144.19020930108175,62.836910966063705
2025-09-04,121.12099780472954,82.76325505477743,145.41779315016814,62.70378960725693
2025-09-05,120.0950970026869,82.77626325312416,143.97423386820375,65.38755767638956
2025-09-08,125.13875932811698,82.30084559673072,142.31766356185994,64.66367574299493
2025-09-09,125.51326628841014,82.50163110917472,143.37521222487558,65.88787276166457
2025-09-10,127.35245800961896,80.87774851827103,142.43404866743904,65.58496784690324
2025-09-11,127.22613874062812,81.7851442474724,135.37081176002914,64.07716510205496
2025-09-12,130.39269893003052,81.73565351686368,138.03750497361514,62.94690072169959
2025-09-15,131.75991191032128,81.91732183842305,137.28154778189335,62.161392810889936
2025-09-16,131.04893678802762,83.14715920031642,137.7974390926078,61.97821159348565
2025-09-17,130.47327963269032,82.87538884852506,135.47318152040228,61.518191728373054
2025-09-18,127.24260968699058,81.7440138524258,133.55515453331353,62.342200597668594
2025-09-19,126.9972413131232,79.31506423072314,134.5978449351559,62.02019109114853
2025-09-22,130.30093081979498,78.37851309655494,134.92888615742265,60.883022738558125
2025-09-23,129.50396629397176,77.52685906937266,134.62333294991092,61.05609058950653
2025-09-24,130.38093912860805,77.39067913279222,135.21931250705182,60.31209151164243
2025-09-25,127.12788779657254,78.45160207651014,136.66663239797506,60.299994423453406
2025-09-26,127.10392268145203,79.2639018878613,134.4891678162727,61.18178042479078
2025-09-29,132.2604150181365,79.41061689681416,132.19641530840164,60.95158318605126
2025-09-30,130.36151518484948,78.97734139134147,131.07285629300242,60.87466999010323
2025-10-01,128.4456627631311,80.01276003050538,132.90104973077496,60.757315579559105
2025-10-02,128.45244346565227,79.78806304474946,129.18915053701954,61.542244314489224
2025-10-03,129.78193272740728,79.51359075515686,128.01069630564788,60.4230066132739
2025-10-06,126.58337994950503,80.35055295871787,127.3263646025901,59.96677726204233
2025-10-07,124.78159208378288,80.16211050459587,130.68356807852894,61.0301207939536
2025-10-08,122.51983462841649,79.57795567219831,131.6454085238288,59.779542358674995
2025-10-09,123.25832191150161,79.89212309241182,132.61212462300438,59.459549074883945
2025-10-10,124.5744592065886,77.07120244352058,132.20481428142378,58.80656497271831
2025-10-13,125.61884712531433,75.83381528049979,134.25145372542073,57.8673096559695
2025-10-14,121.79317527231765,75.70085126011062,132.11574646912536,56.76154015445562
2025-10-15,120.7154825028756,75.68003163609467,135.19635295982823,54.78050457946837
2025-10-16,122.55127496753913,75.04419913858406,135.17542779833192,55.129337724858985
2025-10-17,119.62218550999322,74.56677095436288,135.12009941376738,55.311777901716795
2025-10-20,118.68975850054835,74.4172999989166,133.16949086541965,55.521986967676526
2025-10-21,118.08104547358262,74.2439340483496,132.42236680728956,55.383685023355234
2025-10-22,115.73836393677794,75.15297164986544,131.19317402302386,55.17846357210436
2025-10-23,118.12385480299884,75.25130528193725,128.7282245854708,54.45501022897099
2025-10-24,120.29229652405742,75.34223968251106,128.71729415494326,55.448881670073604
2025-10-27,123.35046639131626,77.41396407156675,130.65040162498786,55.482974210019634
2025-10-28,122.46617595744004,77.92284260040351,131.46221943652094,59.26348371423742
2025-10-29,121.35194190895271,77.75456293522379,128.64087023409937,58.29605614451905
2025-10-30,120.4307586658394,78.93714543679047,127.6901169785418,58.03556173124414
2025-10-31,121.97321174604203,79.06722007306743,123.26099055143996,58.03167453002954
2025-11-03,121.41223198281668,78.03582849378896,127.44275510524822,59.06626198847695
2025-11-04,122.37745452053595,76.76065588085393,122.85490138420307,58.5692889168929
2025-11-05,126.11293181633935,74.82663621041203,120.31582865418318,57.71231188255187
2025-11-06,124.14294520860636,76.310351505429,120.7570512398721,57.6561459366826
2025-11-07,124.48969182722132,76.90401031021236,124.86890124868346,57.641148584940474
2025-11-10,121.6402628957531,77.647189744416,123.53867007990718,59.30040146657134
2025-11-11,123.07724018678745,77.71251765825792,124.180860194486,61.07121761044241
2025-11-12,124.36826952969177,77.72344776783402,124.42678061564654,60.98735164117288
2025-11-13,123.88832673131407,76.9899756621512,122.59397186727989,61.164115004843275
2025-11-14,123.20771631774845,77.13158874313476,120.27642634311584,61.37555166001899
2025-11-17,124.72999712375568,79.3717535165015,118.51052375703644,60.77668319839671
2025-11-18,126.1216468124968,79.86412534810762,118.74729622294635,60.573468995946754
2025-11-19,129.47663255338907,82.39917696711335,119.13890957086912,60.79295093292675
2025-11-20,130.5549575363999,81.95192046415261,121.72044187389419,61.02972799765539
2025-11-21,131.38369356247944,82.70629518464669,123.02973447480585,60.00926244668745
2025-11-24,129.85740963498645,83.75749520825785,120.95601499169042,60.668158299178444
2025-11-25,129.40198488014752,84.65490204030283,121.24867975567213,60.45555983422106
2025-11-26,131.40708505625295,83.79756607391636,119.13131179244358,57.75683744513037
2025-11-27,132.988642122198,84.77506708920671,115.86179112485017,57.896159559989314
2025-11-28,132.10673671165915,85.67796678126662,114.37714817018836,56.403415818682404
2025-12-01,133.93090233668053,85.99080964792502,115.72208425980757,55.41109278746792
2025-12-02,133.5667181783931,86.46774535860956,117.19746086765885,55.06617873976776
2025-12-03,134.53363831614544,89.5883744124735,119.55215905654538,53.515833528349624
2025-12-04,132.8900772423262,89.4875563314755,118.41552005814047,54.71285422772668
2025-12-05,133.49089600025317,88.67706402451303,119.37309718910349,55.72402553723722
2025-12-08,136.04934518198348,86.30840146595196,120.75773456648477,55.33424326302754
2025-12-09,134.1113634386221,87.75986147549227,122.24096183104318,55.82661755837521
2025-12-10,135.33595192799496,86.70226085792457,123.98330945966099,54.51724324947684
2025-12-11,136.17442586708574,86.79756608410372,123.34825456152103,54.76277792986802
2025-12-12,136.61559277302402,86.36697453450654,120.79887380005647,54.941628203157464
2025-12-15,136.00587264679424,86.51047246956676,121.07677233499687,55.12772983681551
2025-12-16,136.06368730605553,84.98314531536731,121.72547992747565,55.43161059214463
2025-12-17,134.06221907127744,85.37578376678997,121.08482001564975,56.40199569102203
2025-12-18,133.0995936617757,87.48717595555841,122.51010293817286,56.15783225365478
2025-12-19,135.62605727583613,88.19784548173675,120.70658197767948,56.169202645641015
2025-12-22,137.9927391614766,88.64136639895418,123.3751880603302,55.888037563857786
2025-12-23,137.15349769522945,89.02992480918596,122.40837428381968,56.67615960276131
2025-12-24,139.35502783870248,90.23670979421419,119.91245446487906,58.267604519004315
2025-12-25,136.30994131679526,89.94206038222873,114.99011515003255,58.99421541696699
2025-12-26,134.65521530225354,89.38757241304064,113.92472767707582,58.35566144060307
2025-12-29,134.7978585159268,92.174359810915,113.94737802881593,58.30996082598524
2025-12-30,134.46486852695517,93.79815340281934,113.208424153133,57.56996570893702
2025-12-31,133.47832317004537,94.96308326714328,112.74347929972501,58.112323160706325
2026-01-01,135.32285618422176,96.17417579192865,113.84646622788092,58.016637615108294
2026-01-02,135.92073497753182,97.72685985038824,113.9126472181344,58.912501993158294
2026-01-05,134.58434093504974,98.56859705443581,115.43749691163381,59.55590687484711
2026-01-06,135.54387529967,100.35529292918835,117.45302779255952,59.99952608098498
2026-01-07,137.23345480461975,100.9929672967971,115.18084066864043,60.675678222282045
2026-01-08,137.2566714259256,100.38637180765062,115.88925741777867,63.73923968961155
2026-01-09,136.86357058697828,101.85322890328273,115.68282940191783,62.38069239992197
2026-01-12,137.51046357101475,101.62059899391087,117.39986043910619,62.61905276446762
2026-01-13,135.526748775204,99.64833352359076,115.31421932295211,62.25220455674042
2026-01-14,132.03911538168717,100.31348114380822,115.30092177090103,61.9819087047908
2026-01-15,131.762987957727,101.18284969666944,115.49470261020673,63.090834351082535
2026-01-16,133.9512259674239,101.96014152815445,115.11966931291244,64.50512128794287
2026-01-19,133.56379960653285,100.37197906912844,114.87941478904715,65.64093981745617
2026-01-20,130.45293519414884,100.43575352983407,113.52596582210846,63.34739936195224
2026-01-21,127.43459100666381,106.2649830544041,110.99049478683153,64.17696825114419
2026-01-22,131.83753185923527,105.15399430418364,110.76950903533087,64.60894673689424
2026-01-23,132.3595297830681,105.05957626300378,114.7656235867937,64.3060887330521
2026-01-26,132.13010303998988,107.02548303654937,113.5054057368153,63.2370699376555
2026-01-27,132.32283475444584,108.98715672706712,113.76089882285156,62.7867486581095
2026-01-28,129.68859200158363,108.48867378137072,113.00315844096764,63.99734640523279
2026-01-29,127.76939446226478,106.7291571006327,112.51414696715759,64.40632247229058
2026-01-30,127.59485816794924,106.1627792782056,112.5872591505964,64.29780960742397
2026-02-02,128.8401093778963,106.45449825238799,114.69502601498718,64.66385788656443
2026-02-03,128.33113297863886,106.01101493319885,115.67132691997276,64.47656830841434
2026-02-04,124.27966261555245,108.19210175873972,115.40456241309809,63.6247150940474
2026-02-05,126.15142930695633,110.46338882610267,117.50743854650077,65.30634311515895
2026-02-06,127.39236260922118,109.61240943113535,118.5505263358014,65.16757040627303
2026-02-09,128.20736530499306,110.2950834201029,114.23347919143669,64.02685173194192
2026-02-10,128.03117448987996,110.29325169757752,115.82629271911249,65.21411631370137
2026-02-11,130.39791580876255,109.67080725392708,116.45763490749646,65.21238571832258
2026-02-12,129.67577188951088,107.69518690912794,116.89457551826985,65.56724772943751
2026-02-13,129.2047523968865,112.37044319450466,115.4390808311066,65.85158957225447
2026-02-16,130.60186685267163,111.97775329794726,115.10593137646647,67.87081393122084
2026-02-17,131.10732561680962,114.37712546351221,118.3526423040247,66.68409643128358
2026-02-18,132.21643302342693,114.26183337700402,118.60051600880195,68.10242751156167
2026-02-19,130.96084363193293,111.93006754254881,116.67828793471764,66.9319181998832
2026-02-20,132.50133971550602,108.8805800736396,118.28680070986675,66.68063398550133
2026-02-23,131.06712394327843,107.8583099826824,117.2863556569398,66.66713339337035
2026-02-24,129.96117806894964,113.61091061167468,116.98905702935409,65.24864296393487
2026-02-25,129.0861075579698,115.59075042432588,116.67987189654045,64.71867751371366
2026-02-26,127.46542789793938,117.01363957801605,116.43297587277155,62.18260854687365
2026-02-27,130.02526088526756,113.29746641242701,119.02829315306597,62.47543404227459
2026-03-02,130.82960578711553,111.97601820972068,120.28017359030055,63.045269850747076
2026-03-03,130.15117659668184,108.76677536453488,122.07150603365224,63.76458620759926
2026-03-04,125.78851317204425,112.15210478849352,117.98858592398476,64.39370876018559
2026-03-05,124.14761754362655,104.67516756788856,117.47825129697944,64.71280850263366
2026-03-06,126.34434714860599,104.32034008588215,118.41899326410785,63.07682508760928
2026-03-09,126.4353409093523,103.63107943326784,115.35822956976483,64.49821647956523
2026-03-10,123.73440982571805,99.27430797812451,115.36623354185349,63.657725563448345
2026-03-11,124.01474171347799,98.02884878054539,106.66608649491309,62.66398308134269
2026-03-12,126.65857300803947,98.14924418530097,107.20587282803989,62.9091321269473
2026-03-13,127.8562600872485,99.02456433452414,108.56592237411893,65.9014323498059
2026-03-16,125.76364477215911,101.79092900452136,108.71590433000536,68.50265086064718
2026-03-17,123.34244534946643,102.32246022668143,112.67681358609013,68.92570613543654
2026-03-18,123.82805839584276,103.22772750626635,109.04867489477958,66.946887008547
2026-03-19,122.7136697330456,102.36345480720956,107.87601969756051,68.91262832885278
2026-03-20,121.52727322145218,98.72727065200903,110.84814439295403,70.09391169634965
2026-03-23,123.5092472300438,99.02349447268729,112.30047879739817,70.00503965508061
2026-03-24,124.38835955165659,96.92196455166432,112.92987516655106,71.07694496046206
2026-03-25,125.61694172461037,96.20582217587841,114.3033932652317,70.73718253230908
2026-03-26,125.27324158328396,92.8786741243678,118.04187068563876,71.55449231352978
2026-03-27,123.77603419930381,93.00439499207668,118.59535127580165,71.61534201093251
2026-03-30,126.6668330387773,94.71674197813846,119.67512760949835,72.39339366515232
2026-03-31,126.45228675692515,97.44397090929341,121.86846129244996,70.50527966439361
2026-04-01,130.1507342171296,98.39416897997269,123.64319126364882,69.31422358982675
2026-04-02,129.1628319467592,103.01948313742488,121.88722469762703,68.83876925911983
2026-04-03,131.15931233007097,103.80207231882514,128.74094262131092,69.00606566841148
2026-04-06,131.10591154034515,103.35775657384185,126.41595958097274,69.3817350855883
2026-04-07,127.93593197169552,104.22046395763714,126.81169091300106,68.09122855716811
2026-04-08,127.04023774807631,104.93800079702204,126.06215437842818,66.61251496836678
2026-04-09,128.1418054369055,108.8652872640629,118.5371792494199,65.6116287354778
2026-04-10,127.66625941009693,108.55395548453484,115.04316765799875,62.91757230118803
2026-04-13,127.93920606064269,109.651437538211,115.75596691886933,62.10895971681257
2026-04-14,130.61666217338893,109.40227399700152,115.62499871504347,61.99668488702671
2026-04-15,128.45745943319312,107.7985322846522,115.97751901852548,63.40998214256774
2026-04-16,127.78382681419494,105.34052820539739,114.80946074900137,65.49206383367428
2026-04-17,126.04944421950519,103.89677652874558,113.60503576402314,64.83614036851438
2026-04-20,125.44625158560312,103.4034551432245,112.86509229829332,65.2446419544119
2026-04-21,125.04660615314285,97.33487534961101,115.5475686687647,65.93399503199522
2026-04-22,125.26566398573642,96.41141341335249,115.82952978432584,66.16167769491032
2026-04-23,126.34221784380615,96.91432387773443,124.88501529678156,65.45180339336906
2026-04-24,124.1809570106364,99.95518200035079,124.19254572085043,63.770394564887866
2026-04-27,129.56089910896094,100.65282641627759,129.52077830579532,63.63432047318456
2026-04-28,127.96426653786635,102.36529969270842,128.2302761982607,62.06010740898561
2026-04-29,126.8899862714267,100.81543143834719,129.78295593593916,60.1160445640741
2026-04-30,128.70078631091567,99.74964579131175,130.66758432943553,60.75779944427945
2026-05-01,128.12552496815263,101.60864736248689,130.79273888327074,62.35934119193986
2026-05-04,125.24337789028547,100.31601377148583,129.5123745366812,62.00632433005365
2026-05-05,125.17659806672093,101.38970170758816,130.59705711265102,61.97599566339191
2026-05-06,123.02928132473777,103.11463377571397,125.88149674372013,63.4875161279725
2026-05-07,122.53526342914299,104.45882399086695,128.93893097815132,61.63426067695372
2026-05-08,122.72519220619873,104.03131169860076,128.65735798588264,61.25639458741495
2026-05-11,123.53200054816922,101.11398070986384,128.50022513398702,61.710718019089875
2026-05-12,123.53339739953772,102.03867518709838,126.83747901803028,62.13136039425474
2026-05-13,122.98858604698697,101.81480166823395,127.05855651663924,62.13942848552014
2026-05-14,117.19675679908302,101.57481654181517,126.56661766084237,62.57753063506316
2026-05-15,116.8336633625076,100.47512489298416,127.48668541462513,62.5296927408511
2026-05-18,115.46527241992295,100.42943645717376,130.7336994073185,61.11903301353202
2026-05-19,116.689527728901,101.09251598483111,133.65140640578232,61.525256896471895
2026-05-20,117.7617773269134,101.6847985540377,132.7581295420731,61.92290801321021
2026-05-21,113.90312095515822,103.631217761118,133.0529486695904,61.91926061999118
2026-05-22,112.53683311629194,103.0108318360303,135.36363144328826,63.43759728333428
2026-05-25,113.96222720129532,103.26895301195307,138.37359085089528,64.4961546664427
2026-05-26,113.45197286313746,103.78467766172238,139.19279147638935,63.06898577352372
